ts,pos_id,token_symbol,token_mint,token_program,is_token2022,token_extensions,exit_state,exit_reason,route_name,route_order,vsol_at_trigger,vsol_at_sell,migration_age,dex_id,pool_address,simulation_ok,simulation_error,custom_error_code,tx_sent,tx_sig,confirmed,confirm_error,jupiter_price_impact_pct,fallback_used,final_status,error_class,notes
2026-06-30T00:35:46,L04377fb,Bullsack,3Nn53d4XqrnuGVGoqKY92XXNBgKaFsz82kgPEG43pump,,,,GRADUATED_PUMPSWAP,,PUMPSWAP_LOCAL,,,,,pumpfun,,False,pumpswap_bad_pool_layout,,,,False,,,,failed,pumpswap_bad_pool_layout,sim_failed:pumpswap_bad_pool_layout
2026-06-30T00:36:53,L04377fb,Bullsack,3Nn53d4XqrnuGVGoqKY92XXNBgKaFsz82kgPEG43pump,,,,GRADUATED_PUMPSWAP,,PUMPSWAP_LOCAL,,,,,pumpfun,,False,pumpswap_bad_pool_layout,,,,False,,,,failed,pumpswap_bad_pool_layout,sim_failed:pumpswap_bad_pool_layout
2026-06-30T19:13:33,Lebd90e0,BST,Bk1Q98Efe3MbkvcJ6xVbgeGoAa5WysgRSx2orFCUpump,,,,GRADUATED_PUMPSWAP,,PUMPSWAP_LOCAL,,,,,pumpfun,,False,,,,,False,,,,failed,pumpswap_no_pool,pool_err:pumpswap_no_pool
2026-06-30T19:14:40,Lebd90e0,BST,Bk1Q98Efe3MbkvcJ6xVbgeGoAa5WysgRSx2orFCUpump,,,,GRADUATED_PUMPSWAP,,PUMPSWAP_LOCAL,,,,,pumpfun,,False,,,,,False,,,,failed,pumpswap_no_pool,pool_err:pumpswap_no_pool
2026-06-30T19:15:46,Lebd90e0,BST,Bk1Q98Efe3MbkvcJ6xVbgeGoAa5WysgRSx2orFCUpump,,,,GRADUATED_PUMPSWAP,,PUMPSWAP_LOCAL,,,,,pumpfun,,False,pumpswap_bad_pool_layout,,,,False,,,,failed,pumpswap_bad_pool_layout,sim_failed:pumpswap_bad_pool_layout
2026-07-05T01:46:31,L1463e51,WLA,7YhDH6qgamcEXdZE4intFuuLxNeqZDfqj43BY5YJpump,,,,GRADUATED_PUMPSWAP,,PUMPSWAP_LOCAL,,,,,pumpfun,,False,,,,,False,,,,failed,pumpswap_no_pool,pool_err:pumpswap_no_pool
2026-07-05T01:47:33,L1463e51,WLA,7YhDH6qgamcEXdZE4intFuuLxNeqZDfqj43BY5YJpump,,,,GRADUATED_PUMPSWAP,,PUMPSWAP_LOCAL,,,,,pumpfun,,False,,,,,False,,,,failed,pumpswap_no_pool,pool_err:pumpswap_no_pool
2026-07-05T01:48:34,L1463e51,WLA,7YhDH6qgamcEXdZE4intFuuLxNeqZDfqj43BY5YJpump,,,,GRADUATED_PUMPSWAP,,PUMPSWAP_LOCAL,,,,,pumpfun,,False,,,,,False,,,,failed,pumpswap_no_pool,pool_err:pumpswap_no_pool
2026-07-05T01:49:34,L1463e51,WLA,7YhDH6qgamcEXdZE4intFuuLxNeqZDfqj43BY5YJpump,,,,GRADUATED_PUMPSWAP,,PUMPSWAP_LOCAL,,,,,pumpfun,,False,,,,,False,,,,failed,pumpswap_no_pool,pool_err:pumpswap_no_pool
2026-07-05T01:50:45,L1463e51,WLA,7YhDH6qgamcEXdZE4intFuuLxNeqZDfqj43BY5YJpump,,,,GRADUATED_PUMPSWAP,,PUMPSWAP_LOCAL,,,,,pumpfun,,False,,,,,False,,,,failed,pumpswap_no_pool,pool_err:pumpswap_no_pool
2026-07-05T01:51:56,L1463e51,WLA,7YhDH6qgamcEXdZE4intFuuLxNeqZDfqj43BY5YJpump,,,,GRADUATED_PUMPSWAP,,PUMPSWAP_LOCAL,,,,,pumpfun,,False,,,,,False,,,,failed,pumpswap_no_pool,pool_err:pumpswap_no_pool
2026-07-05T01:53:07,L1463e51,WLA,7YhDH6qgamcEXdZE4intFuuLxNeqZDfqj43BY5YJpump,,,,GRADUATED_PUMPSWAP,,PUMPSWAP_LOCAL,,,,,pumpfun,,False,,,,,False,,,,failed,pumpswap_no_pool,pool_err:pumpswap_no_pool
2026-07-05T01:54:08,L1463e51,WLA,7YhDH6qgamcEXdZE4intFuuLxNeqZDfqj43BY5YJpump,,,,GRADUATED_PUMPSWAP,,PUMPSWAP_LOCAL,,,,,pumpfun,,False,,,,,False,,,,failed,pumpswap_no_pool,pool_err:pumpswap_no_pool
2026-07-05T01:55:08,L1463e51,WLA,7YhDH6qgamcEXdZE4intFuuLxNeqZDfqj43BY5YJpump,,,,GRADUATED_PUMPSWAP,,PUMPSWAP_LOCAL,,,,,pumpfun,,False,,,,,False,,,,failed,pumpswap_no_pool,pool_err:pumpswap_no_pool
2026-07-05T01:56:09,L1463e51,WLA,7YhDH6qgamcEXdZE4intFuuLxNeqZDfqj43BY5YJpump,,,,GRADUATED_PUMPSWAP,,PUMPSWAP_LOCAL,,,,,pumpfun,,False,,,,,False,,,,failed,pumpswap_no_pool,pool_err:pumpswap_no_pool
2026-07-05T01:57:10,L1463e51,WLA,7YhDH6qgamcEXdZE4intFuuLxNeqZDfqj43BY5YJpump,,,,GRADUATED_PUMPSWAP,,PUMPSWAP_LOCAL,,,,,pumpfun,,False,,,,,False,,,,failed,pumpswap_no_pool,pool_err:pumpswap_no_pool
2026-07-05T01:58:10,L1463e51,WLA,7YhDH6qgamcEXdZE4intFuuLxNeqZDfqj43BY5YJpump,,,,GRADUATED_PUMPSWAP,,PUMPSWAP_LOCAL,,,,,pumpfun,,False,,,,,False,,,,failed,pumpswap_no_pool,pool_err:pumpswap_no_pool
2026-07-05T01:59:11,L1463e51,WLA,7YhDH6qgamcEXdZE4intFuuLxNeqZDfqj43BY5YJpump,,,,GRADUATED_PUMPSWAP,,PUMPSWAP_LOCAL,,,,,pumpfun,,False,,,,,False,,,,failed,pumpswap_no_pool,pool_err:pumpswap_no_pool
2026-07-05T02:00:11,L1463e51,WLA,7YhDH6qgamcEXdZE4intFuuLxNeqZDfqj43BY5YJpump,,,,GRADUATED_PUMPSWAP,,PUMPSWAP_LOCAL,,,,,pumpfun,,False,,,,,False,,,,failed,pumpswap_no_pool,pool_err:pumpswap_no_pool
2026-07-05T02:01:12,L1463e51,WLA,7YhDH6qgamcEXdZE4intFuuLxNeqZDfqj43BY5YJpump,,,,GRADUATED_PUMPSWAP,,PUMPSWAP_LOCAL,,,,,pumpfun,,False,,,,,False,,,,failed,pumpswap_no_pool,pool_err:pumpswap_no_pool
2026-07-05T02:02:12,L1463e51,WLA,7YhDH6qgamcEXdZE4intFuuLxNeqZDfqj43BY5YJpump,,,,GRADUATED_PUMPSWAP,,PUMPSWAP_LOCAL,,,,,pumpfun,,False,,,,,False,,,,failed,pumpswap_no_pool,pool_err:pumpswap_no_pool
2026-07-05T02:03:13,L1463e51,WLA,7YhDH6qgamcEXdZE4intFuuLxNeqZDfqj43BY5YJpump,,,,GRADUATED_PUMPSWAP,,PUMPSWAP_LOCAL,,,,,pumpfun,,False,,,,,False,,,,failed,pumpswap_no_pool,pool_err:pumpswap_no_pool
2026-07-05T02:04:03,L872f3a7,LEAN,2dbPYPwi1LKgGpmksBUEFkptyeHRyJpKw58Xhvvypump,,,,GRADUATED_PUMPSWAP,,PUMPSWAP_LOCAL,,,,,pumpfun,,False,,,,,False,,,,failed,pumpswap_no_pool,pool_err:pumpswap_no_pool
2026-07-05T02:04:15,L1463e51,WLA,7YhDH6qgamcEXdZE4intFuuLxNeqZDfqj43BY5YJpump,,,,GRADUATED_PUMPSWAP,,PUMPSWAP_LOCAL,,,,,pumpfun,,False,,,,,False,,,,failed,pumpswap_no_pool,pool_err:pumpswap_no_pool
2026-07-05T02:05:05,L872f3a7,LEAN,2dbPYPwi1LKgGpmksBUEFkptyeHRyJpKw58Xhvvypump,,,,GRADUATED_PUMPSWAP,,PUMPSWAP_LOCAL,,,,,pumpfun,,False,,,,,False,,,,failed,pumpswap_no_pool,pool_err:pumpswap_no_pool
2026-07-05T02:05:15,L1463e51,WLA,7YhDH6qgamcEXdZE4intFuuLxNeqZDfqj43BY5YJpump,,,,GRADUATED_PUMPSWAP,,PUMPSWAP_LOCAL,,,,,pumpfun,,False,,,,,False,,,,failed,pumpswap_no_pool,pool_err:pumpswap_no_pool
2026-07-05T02:06:06,L872f3a7,LEAN,2dbPYPwi1LKgGpmksBUEFkptyeHRyJpKw58Xhvvypump,,,,GRADUATED_PUMPSWAP,,PUMPSWAP_LOCAL,,,,,pumpfun,,False,,,,,False,,,,failed,pumpswap_no_pool,pool_err:pumpswap_no_pool
2026-07-05T02:06:17,L1463e51,WLA,7YhDH6qgamcEXdZE4intFuuLxNeqZDfqj43BY5YJpump,,,,GRADUATED_PUMPSWAP,,PUMPSWAP_LOCAL,,,,,pumpfun,,False,,,,,False,,,,failed,pumpswap_no_pool,pool_err:pumpswap_no_pool
2026-07-05T02:07:07,L872f3a7,LEAN,2dbPYPwi1LKgGpmksBUEFkptyeHRyJpKw58Xhvvypump,,,,GRADUATED_PUMPSWAP,,PUMPSWAP_LOCAL,,,,,pumpfun,,False,,,,,False,,,,failed,pumpswap_no_pool,pool_err:pumpswap_no_pool
2026-07-05T02:07:17,L1463e51,WLA,7YhDH6qgamcEXdZE4intFuuLxNeqZDfqj43BY5YJpump,,,,GRADUATED_PUMPSWAP,,PUMPSWAP_LOCAL,,,,,pumpfun,,False,,,,,False,,,,failed,pumpswap_no_pool,pool_err:pumpswap_no_pool
2026-07-05T02:08:07,L872f3a7,LEAN,2dbPYPwi1LKgGpmksBUEFkptyeHRyJpKw58Xhvvypump,,,,GRADUATED_PUMPSWAP,,PUMPSWAP_LOCAL,,,,,pumpfun,,False,,,,,False,,,,failed,pumpswap_no_pool,pool_err:pumpswap_no_pool
2026-07-05T02:08:18,L1463e51,WLA,7YhDH6qgamcEXdZE4intFuuLxNeqZDfqj43BY5YJpump,,,,GRADUATED_PUMPSWAP,,PUMPSWAP_LOCAL,,,,,pumpfun,,False,,,,,False,,,,failed,pumpswap_no_pool,pool_err:pumpswap_no_pool
2026-07-05T02:09:08,L872f3a7,LEAN,2dbPYPwi1LKgGpmksBUEFkptyeHRyJpKw58Xhvvypump,,,,GRADUATED_PUMPSWAP,,PUMPSWAP_LOCAL,,,,,pumpfun,,False,,,,,False,,,,failed,pumpswap_no_pool,pool_err:pumpswap_no_pool
2026-07-05T02:09:18,L1463e51,WLA,7YhDH6qgamcEXdZE4intFuuLxNeqZDfqj43BY5YJpump,,,,GRADUATED_PUMPSWAP,,PUMPSWAP_LOCAL,,,,,pumpfun,,False,,,,,False,,,,failed,pumpswap_no_pool,pool_err:pumpswap_no_pool
2026-07-05T02:10:09,L872f3a7,LEAN,2dbPYPwi1LKgGpmksBUEFkptyeHRyJpKw58Xhvvypump,,,,GRADUATED_PUMPSWAP,,PUMPSWAP_LOCAL,,,,,pumpfun,,False,,,,,False,,,,failed,pumpswap_no_pool,pool_err:pumpswap_no_pool
2026-07-05T02:10:20,L1463e51,WLA,7YhDH6qgamcEXdZE4intFuuLxNeqZDfqj43BY5YJpump,,,,GRADUATED_PUMPSWAP,,PUMPSWAP_LOCAL,,,,,pumpfun,,False,,,,,False,,,,failed,pumpswap_no_pool,pool_err:pumpswap_no_pool
2026-07-05T02:11:20,L1463e51,WLA,7YhDH6qgamcEXdZE4intFuuLxNeqZDfqj43BY5YJpump,,,,GRADUATED_PUMPSWAP,,PUMPSWAP_LOCAL,,,,,pumpfun,,False,,,,,False,,,,failed,pumpswap_no_pool,pool_err:pumpswap_no_pool
2026-07-05T02:11:20,L872f3a7,LEAN,2dbPYPwi1LKgGpmksBUEFkptyeHRyJpKw58Xhvvypump,,,,GRADUATED_PUMPSWAP,,PUMPSWAP_LOCAL,,,,,pumpfun,,False,,,,,False,,,,failed,pumpswap_no_pool,pool_err:pumpswap_no_pool
2026-07-05T02:12:21,L1463e51,WLA,7YhDH6qgamcEXdZE4intFuuLxNeqZDfqj43BY5YJpump,,,,GRADUATED_PUMPSWAP,,PUMPSWAP_LOCAL,,,,,pumpfun,,False,,,,,False,,,,failed,pumpswap_no_pool,pool_err:pumpswap_no_pool
2026-07-05T02:12:31,L872f3a7,LEAN,2dbPYPwi1LKgGpmksBUEFkptyeHRyJpKw58Xhvvypump,,,,GRADUATED_PUMPSWAP,,PUMPSWAP_LOCAL,,,,,pumpfun,,False,,,,,False,,,,failed,pumpswap_no_pool,pool_err:pumpswap_no_pool
2026-07-05T02:13:32,L1463e51,WLA,7YhDH6qgamcEXdZE4intFuuLxNeqZDfqj43BY5YJpump,,,,GRADUATED_PUMPSWAP,,PUMPSWAP_LOCAL,,,,,pumpfun,,False,,,,,False,,,,failed,pumpswap_no_pool,pool_err:pumpswap_no_pool
2026-07-05T02:13:33,L872f3a7,LEAN,2dbPYPwi1LKgGpmksBUEFkptyeHRyJpKw58Xhvvypump,,,,GRADUATED_PUMPSWAP,,PUMPSWAP_LOCAL,,,,,pumpfun,,False,,,,,False,,,,failed,pumpswap_no_pool,pool_err:pumpswap_no_pool
2026-07-05T02:14:33,L1463e51,WLA,7YhDH6qgamcEXdZE4intFuuLxNeqZDfqj43BY5YJpump,,,,GRADUATED_PUMPSWAP,,PUMPSWAP_LOCAL,,,,,pumpfun,,False,,,,,False,,,,failed,pumpswap_no_pool,pool_err:pumpswap_no_pool
2026-07-05T02:14:33,L872f3a7,LEAN,2dbPYPwi1LKgGpmksBUEFkptyeHRyJpKw58Xhvvypump,,,,GRADUATED_PUMPSWAP,,PUMPSWAP_LOCAL,,,,,pumpfun,,False,,,,,False,,,,failed,pumpswap_no_pool,pool_err:pumpswap_no_pool
2026-07-05T02:15:34,L1463e51,WLA,7YhDH6qgamcEXdZE4intFuuLxNeqZDfqj43BY5YJpump,,,,GRADUATED_PUMPSWAP,,PUMPSWAP_LOCAL,,,,,pumpfun,,False,,,,,False,,,,failed,pumpswap_no_pool,pool_err:pumpswap_no_pool
2026-07-05T02:15:45,L872f3a7,LEAN,2dbPYPwi1LKgGpmksBUEFkptyeHRyJpKw58Xhvvypump,,,,GRADUATED_PUMPSWAP,,PUMPSWAP_LOCAL,,,,,pumpfun,,False,,,,,False,,,,failed,pumpswap_no_pool,pool_err:pumpswap_no_pool
2026-07-05T02:16:35,L1463e51,WLA,7YhDH6qgamcEXdZE4intFuuLxNeqZDfqj43BY5YJpump,,,,GRADUATED_PUMPSWAP,,PUMPSWAP_LOCAL,,,,,pumpfun,,False,,,,,False,,,,failed,pumpswap_no_pool,pool_err:pumpswap_no_pool
2026-07-05T02:16:45,L872f3a7,LEAN,2dbPYPwi1LKgGpmksBUEFkptyeHRyJpKw58Xhvvypump,,,,GRADUATED_PUMPSWAP,,PUMPSWAP_LOCAL,,,,,pumpfun,,False,,,,,False,,,,failed,pumpswap_no_pool,pool_err:pumpswap_no_pool
2026-07-05T02:17:35,L1463e51,WLA,7YhDH6qgamcEXdZE4intFuuLxNeqZDfqj43BY5YJpump,,,,GRADUATED_PUMPSWAP,,PUMPSWAP_LOCAL,,,,,pumpfun,,False,,,,,False,,,,failed,pumpswap_no_pool,pool_err:pumpswap_no_pool
2026-07-05T02:17:46,L872f3a7,LEAN,2dbPYPwi1LKgGpmksBUEFkptyeHRyJpKw58Xhvvypump,,,,GRADUATED_PUMPSWAP,,PUMPSWAP_LOCAL,,,,,pumpfun,,False,,,,,False,,,,failed,pumpswap_no_pool,pool_err:pumpswap_no_pool
2026-07-05T02:18:36,L1463e51,WLA,7YhDH6qgamcEXdZE4intFuuLxNeqZDfqj43BY5YJpump,,,,GRADUATED_PUMPSWAP,,PUMPSWAP_LOCAL,,,,,pumpfun,,False,,,,,False,,,,failed,pumpswap_no_pool,pool_err:pumpswap_no_pool
2026-07-05T02:18:47,L872f3a7,LEAN,2dbPYPwi1LKgGpmksBUEFkptyeHRyJpKw58Xhvvypump,,,,GRADUATED_PUMPSWAP,,PUMPSWAP_LOCAL,,,,,pumpfun,,False,,,,,False,,,,failed,pumpswap_no_pool,pool_err:pumpswap_no_pool
2026-07-05T02:19:37,L1463e51,WLA,7YhDH6qgamcEXdZE4intFuuLxNeqZDfqj43BY5YJpump,,,,GRADUATED_PUMPSWAP,,PUMPSWAP_LOCAL,,,,,pumpfun,,False,,,,,False,,,,failed,pumpswap_no_pool,pool_err:pumpswap_no_pool
2026-07-05T02:19:47,L872f3a7,LEAN,2dbPYPwi1LKgGpmksBUEFkptyeHRyJpKw58Xhvvypump,,,,GRADUATED_PUMPSWAP,,PUMPSWAP_LOCAL,,,,,pumpfun,,False,,,,,False,,,,failed,pumpswap_no_pool,pool_err:pumpswap_no_pool
2026-07-05T02:20:38,L1463e51,WLA,7YhDH6qgamcEXdZE4intFuuLxNeqZDfqj43BY5YJpump,,,,GRADUATED_PUMPSWAP,,PUMPSWAP_LOCAL,,,,,pumpfun,,False,,,,,False,,,,failed,pumpswap_no_pool,pool_err:pumpswap_no_pool
2026-07-05T02:20:48,L872f3a7,LEAN,2dbPYPwi1LKgGpmksBUEFkptyeHRyJpKw58Xhvvypump,,,,GRADUATED_PUMPSWAP,,PUMPSWAP_LOCAL,,,,,pumpfun,,False,,,,,False,,,,failed,pumpswap_no_pool,pool_err:pumpswap_no_pool
2026-07-05T02:21:39,L1463e51,WLA,7YhDH6qgamcEXdZE4intFuuLxNeqZDfqj43BY5YJpump,,,,GRADUATED_PUMPSWAP,,PUMPSWAP_LOCAL,,,,,pumpfun,,False,,,,,False,,,,failed,pumpswap_no_pool,pool_err:pumpswap_no_pool
2026-07-05T02:21:49,L872f3a7,LEAN,2dbPYPwi1LKgGpmksBUEFkptyeHRyJpKw58Xhvvypump,,,,GRADUATED_PUMPSWAP,,PUMPSWAP_LOCAL,,,,,pumpfun,,False,,,,,False,,,,failed,pumpswap_no_pool,pool_err:pumpswap_no_pool
2026-07-05T02:22:39,L1463e51,WLA,7YhDH6qgamcEXdZE4intFuuLxNeqZDfqj43BY5YJpump,,,,GRADUATED_PUMPSWAP,,PUMPSWAP_LOCAL,,,,,pumpfun,,False,,,,,False,,,,failed,pumpswap_no_pool,pool_err:pumpswap_no_pool
2026-07-05T02:22:41,L872f3a7,LEAN,2dbPYPwi1LKgGpmksBUEFkptyeHRyJpKw58Xhvvypump,,,,GRADUATED_PUMPSWAP,,PUMPSWAP_LOCAL,,,,,pumpfun,,False,,,,,False,,,,failed,pumpswap_no_pool,pool_err:pumpswap_no_pool
2026-07-05T02:23:40,L1463e51,WLA,7YhDH6qgamcEXdZE4intFuuLxNeqZDfqj43BY5YJpump,,,,GRADUATED_PUMPSWAP,,PUMPSWAP_LOCAL,,,,,pumpfun,,False,,,,,False,,,,failed,pumpswap_no_pool,pool_err:pumpswap_no_pool
2026-07-05T02:23:42,L872f3a7,LEAN,2dbPYPwi1LKgGpmksBUEFkptyeHRyJpKw58Xhvvypump,,,,GRADUATED_PUMPSWAP,,PUMPSWAP_LOCAL,,,,,pumpfun,,False,,,,,False,,,,failed,pumpswap_no_pool,pool_err:pumpswap_no_pool
2026-07-05T02:24:41,L1463e51,WLA,7YhDH6qgamcEXdZE4intFuuLxNeqZDfqj43BY5YJpump,,,,GRADUATED_PUMPSWAP,,PUMPSWAP_LOCAL,,,,,pumpfun,,False,,,,,False,,,,failed,pumpswap_no_pool,pool_err:pumpswap_no_pool
2026-07-05T02:24:43,L872f3a7,LEAN,2dbPYPwi1LKgGpmksBUEFkptyeHRyJpKw58Xhvvypump,,,,GRADUATED_PUMPSWAP,,PUMPSWAP_LOCAL,,,,,pumpfun,,False,,,,,False,,,,failed,pumpswap_no_pool,pool_err:pumpswap_no_pool
2026-07-05T02:25:41,L1463e51,WLA,7YhDH6qgamcEXdZE4intFuuLxNeqZDfqj43BY5YJpump,,,,GRADUATED_PUMPSWAP,,PUMPSWAP_LOCAL,,,,,pumpfun,,False,,,,,False,,,,failed,pumpswap_no_pool,pool_err:pumpswap_no_pool
2026-07-05T02:25:44,L872f3a7,LEAN,2dbPYPwi1LKgGpmksBUEFkptyeHRyJpKw58Xhvvypump,,,,GRADUATED_PUMPSWAP,,PUMPSWAP_LOCAL,,,,,pumpfun,,False,,,,,False,,,,failed,pumpswap_no_pool,pool_err:pumpswap_no_pool
2026-07-05T02:26:42,L1463e51,WLA,7YhDH6qgamcEXdZE4intFuuLxNeqZDfqj43BY5YJpump,,,,GRADUATED_PUMPSWAP,,PUMPSWAP_LOCAL,,,,,pumpfun,,False,,,,,False,,,,failed,pumpswap_no_pool,pool_err:pumpswap_no_pool
2026-07-05T02:26:44,L872f3a7,LEAN,2dbPYPwi1LKgGpmksBUEFkptyeHRyJpKw58Xhvvypump,,,,GRADUATED_PUMPSWAP,,PUMPSWAP_LOCAL,,,,,pumpfun,,False,,,,,False,,,,failed,pumpswap_no_pool,pool_err:pumpswap_no_pool
2026-07-05T02:27:43,L1463e51,WLA,7YhDH6qgamcEXdZE4intFuuLxNeqZDfqj43BY5YJpump,,,,GRADUATED_PUMPSWAP,,PUMPSWAP_LOCAL,,,,,pumpfun,,False,,,,,False,,,,failed,pumpswap_no_pool,pool_err:pumpswap_no_pool
2026-07-05T02:27:47,L1463e51,WLA,7YhDH6qgamcEXdZE4intFuuLxNeqZDfqj43BY5YJpump,,,,GRADUATED_PUMPSWAP,,PUMPSWAP_LOCAL,,,,,pumpfun,,False,,,,,False,,,,failed,pumpswap_no_pool,pool_err:pumpswap_no_pool
2026-07-05T02:27:59,L872f3a7,LEAN,2dbPYPwi1LKgGpmksBUEFkptyeHRyJpKw58Xhvvypump,,,,GRADUATED_PUMPSWAP,,PUMPSWAP_LOCAL,,,,,pumpfun,,False,,,,,False,,,,failed,pumpswap_no_pool,pool_err:pumpswap_no_pool
2026-07-05T02:28:58,L1463e51,WLA,7YhDH6qgamcEXdZE4intFuuLxNeqZDfqj43BY5YJpump,,,,GRADUATED_PUMPSWAP,,PUMPSWAP_LOCAL,,,,,pumpfun,,False,,,,,False,,,,failed,pumpswap_no_pool,pool_err:pumpswap_no_pool
2026-07-05T02:29:00,L872f3a7,LEAN,2dbPYPwi1LKgGpmksBUEFkptyeHRyJpKw58Xhvvypump,,,,GRADUATED_PUMPSWAP,,PUMPSWAP_LOCAL,,,,,pumpfun,,False,,,,,False,,,,failed,pumpswap_no_pool,pool_err:pumpswap_no_pool
2026-07-06T20:51:32,L7c1fdda,ESCAPE,ENRydoUPGszMAgPQ8rJAcpASPdFzr1pHdyMyU3DJpump,,,,GRADUATED_PUMPSWAP,,PUMPSWAP_LOCAL,,,,,pumpfun,,False,pumpswap_bad_pool_layout,,,,False,,,,failed,pumpswap_bad_pool_layout,sim_failed:pumpswap_bad_pool_layout
2026-07-06T20:52:34,L7c1fdda,ESCAPE,ENRydoUPGszMAgPQ8rJAcpASPdFzr1pHdyMyU3DJpump,,,,GRADUATED_PUMPSWAP,,PUMPSWAP_LOCAL,,,,,pumpfun,,False,pumpswap_bad_pool_layout,,,,False,,,,failed,pumpswap_bad_pool_layout,sim_failed:pumpswap_bad_pool_layout
2026-07-06T20:53:36,L7c1fdda,ESCAPE,ENRydoUPGszMAgPQ8rJAcpASPdFzr1pHdyMyU3DJpump,,,,GRADUATED_PUMPSWAP,,PUMPSWAP_LOCAL,,,,,pumpfun,,False,pumpswap_bad_pool_layout,,,,False,,,,failed,pumpswap_bad_pool_layout,sim_failed:pumpswap_bad_pool_layout
2026-07-06T20:54:38,L7c1fdda,ESCAPE,ENRydoUPGszMAgPQ8rJAcpASPdFzr1pHdyMyU3DJpump,,,,GRADUATED_PUMPSWAP,,PUMPSWAP_LOCAL,,,,,pumpfun,,False,pumpswap_bad_pool_layout,,,,False,,,,failed,pumpswap_bad_pool_layout,sim_failed:pumpswap_bad_pool_layout
2026-07-06T20:55:38,L7c1fdda,ESCAPE,ENRydoUPGszMAgPQ8rJAcpASPdFzr1pHdyMyU3DJpump,,,,GRADUATED_PUMPSWAP,,PUMPSWAP_LOCAL,,,,,pumpfun,,False,pumpswap_bad_pool_layout,,,,False,,,,failed,pumpswap_bad_pool_layout,sim_failed:pumpswap_bad_pool_layout
2026-07-06T20:56:39,L7c1fdda,ESCAPE,ENRydoUPGszMAgPQ8rJAcpASPdFzr1pHdyMyU3DJpump,,,,GRADUATED_PUMPSWAP,,PUMPSWAP_LOCAL,,,,,pumpfun,,False,pumpswap_bad_pool_layout,,,,False,,,,failed,pumpswap_bad_pool_layout,sim_failed:pumpswap_bad_pool_layout
2026-07-06T20:57:40,L7c1fdda,ESCAPE,ENRydoUPGszMAgPQ8rJAcpASPdFzr1pHdyMyU3DJpump,,,,GRADUATED_PUMPSWAP,,PUMPSWAP_LOCAL,,,,,pumpfun,,False,pumpswap_bad_pool_layout,,,,False,,,,failed,pumpswap_bad_pool_layout,sim_failed:pumpswap_bad_pool_layout
2026-07-06T20:58:40,L7c1fdda,ESCAPE,ENRydoUPGszMAgPQ8rJAcpASPdFzr1pHdyMyU3DJpump,,,,GRADUATED_PUMPSWAP,,PUMPSWAP_LOCAL,,,,,pumpfun,,False,pumpswap_bad_pool_layout,,,,False,,,,failed,pumpswap_bad_pool_layout,sim_failed:pumpswap_bad_pool_layout
2026-07-06T20:59:41,L7c1fdda,ESCAPE,ENRydoUPGszMAgPQ8rJAcpASPdFzr1pHdyMyU3DJpump,,,,GRADUATED_PUMPSWAP,,PUMPSWAP_LOCAL,,,,,pumpfun,,False,pumpswap_bad_pool_layout,,,,False,,,,failed,pumpswap_bad_pool_layout,sim_failed:pumpswap_bad_pool_layout
2026-07-06T21:00:43,L7c1fdda,ESCAPE,ENRydoUPGszMAgPQ8rJAcpASPdFzr1pHdyMyU3DJpump,,,,GRADUATED_PUMPSWAP,,PUMPSWAP_LOCAL,,,,,pumpfun,,False,pumpswap_bad_pool_layout,,,,False,,,,failed,pumpswap_bad_pool_layout,sim_failed:pumpswap_bad_pool_layout
2026-07-06T21:01:44,L7c1fdda,ESCAPE,ENRydoUPGszMAgPQ8rJAcpASPdFzr1pHdyMyU3DJpump,,,,GRADUATED_PUMPSWAP,,PUMPSWAP_LOCAL,,,,,pumpfun,,False,pumpswap_bad_pool_layout,,,,False,,,,failed,pumpswap_bad_pool_layout,sim_failed:pumpswap_bad_pool_layout
2026-07-06T21:02:45,L7c1fdda,ESCAPE,ENRydoUPGszMAgPQ8rJAcpASPdFzr1pHdyMyU3DJpump,,,,GRADUATED_PUMPSWAP,,PUMPSWAP_LOCAL,,,,,pumpfun,,False,pumpswap_bad_pool_layout,,,,False,,,,failed,pumpswap_bad_pool_layout,sim_failed:pumpswap_bad_pool_layout
2026-07-06T21:03:45,L7c1fdda,ESCAPE,ENRydoUPGszMAgPQ8rJAcpASPdFzr1pHdyMyU3DJpump,,,,GRADUATED_PUMPSWAP,,PUMPSWAP_LOCAL,,,,,pumpfun,,False,pumpswap_bad_pool_layout,,,,False,,,,failed,pumpswap_bad_pool_layout,sim_failed:pumpswap_bad_pool_layout
2026-07-06T21:04:46,L7c1fdda,ESCAPE,ENRydoUPGszMAgPQ8rJAcpASPdFzr1pHdyMyU3DJpump,,,,GRADUATED_PUMPSWAP,,PUMPSWAP_LOCAL,,,,,pumpfun,,False,pumpswap_bad_pool_layout,,,,False,,,,failed,pumpswap_bad_pool_layout,sim_failed:pumpswap_bad_pool_layout
2026-07-06T21:05:47,L7c1fdda,ESCAPE,ENRydoUPGszMAgPQ8rJAcpASPdFzr1pHdyMyU3DJpump,,,,GRADUATED_PUMPSWAP,,PUMPSWAP_LOCAL,,,,,pumpfun,,False,pumpswap_bad_pool_layout,,,,False,,,,failed,pumpswap_bad_pool_layout,sim_failed:pumpswap_bad_pool_layout
2026-07-06T21:06:47,L7c1fdda,ESCAPE,ENRydoUPGszMAgPQ8rJAcpASPdFzr1pHdyMyU3DJpump,,,,GRADUATED_PUMPSWAP,,PUMPSWAP_LOCAL,,,,,pumpfun,,False,pumpswap_bad_pool_layout,,,,False,,,,failed,pumpswap_bad_pool_layout,sim_failed:pumpswap_bad_pool_layout
2026-07-06T21:07:48,L7c1fdda,ESCAPE,ENRydoUPGszMAgPQ8rJAcpASPdFzr1pHdyMyU3DJpump,,,,GRADUATED_PUMPSWAP,,PUMPSWAP_LOCAL,,,,,pumpfun,,False,pumpswap_bad_pool_layout,,,,False,,,,failed,pumpswap_bad_pool_layout,sim_failed:pumpswap_bad_pool_layout
2026-07-06T21:08:50,L7c1fdda,ESCAPE,ENRydoUPGszMAgPQ8rJAcpASPdFzr1pHdyMyU3DJpump,,,,GRADUATED_PUMPSWAP,,PUMPSWAP_LOCAL,,,,,pumpfun,,False,pumpswap_bad_pool_layout,,,,False,,,,failed,pumpswap_bad_pool_layout,sim_failed:pumpswap_bad_pool_layout
2026-07-06T21:09:51,L7c1fdda,ESCAPE,ENRydoUPGszMAgPQ8rJAcpASPdFzr1pHdyMyU3DJpump,,,,GRADUATED_PUMPSWAP,,PUMPSWAP_LOCAL,,,,,pumpfun,,False,pumpswap_bad_pool_layout,,,,False,,,,failed,pumpswap_bad_pool_layout,sim_failed:pumpswap_bad_pool_layout
2026-07-06T21:11:02,L7c1fdda,ESCAPE,ENRydoUPGszMAgPQ8rJAcpASPdFzr1pHdyMyU3DJpump,,,,GRADUATED_PUMPSWAP,,PUMPSWAP_LOCAL,,,,,pumpfun,,False,pumpswap_bad_pool_layout,,,,False,,,,failed,pumpswap_bad_pool_layout,sim_failed:pumpswap_bad_pool_layout
2026-07-06T21:12:03,L7c1fdda,ESCAPE,ENRydoUPGszMAgPQ8rJAcpASPdFzr1pHdyMyU3DJpump,,,,GRADUATED_PUMPSWAP,,PUMPSWAP_LOCAL,,,,,pumpfun,,False,pumpswap_bad_pool_layout,,,,False,,,,failed,pumpswap_bad_pool_layout,sim_failed:pumpswap_bad_pool_layout
2026-07-06T21:13:05,L7c1fdda,ESCAPE,ENRydoUPGszMAgPQ8rJAcpASPdFzr1pHdyMyU3DJpump,,,,GRADUATED_PUMPSWAP,,PUMPSWAP_LOCAL,,,,,pumpfun,,False,pumpswap_bad_pool_layout,,,,False,,,,failed,pumpswap_bad_pool_layout,sim_failed:pumpswap_bad_pool_layout
2026-07-06T21:14:05,L7c1fdda,ESCAPE,ENRydoUPGszMAgPQ8rJAcpASPdFzr1pHdyMyU3DJpump,,,,GRADUATED_PUMPSWAP,,PUMPSWAP_LOCAL,,,,,pumpfun,,False,pumpswap_bad_pool_layout,,,,False,,,,failed,pumpswap_bad_pool_layout,sim_failed:pumpswap_bad_pool_layout
2026-07-06T21:15:07,L7c1fdda,ESCAPE,ENRydoUPGszMAgPQ8rJAcpASPdFzr1pHdyMyU3DJpump,,,,GRADUATED_PUMPSWAP,,PUMPSWAP_LOCAL,,,,,pumpfun,,False,pumpswap_bad_pool_layout,,,,False,,,,failed,pumpswap_bad_pool_layout,sim_failed:pumpswap_bad_pool_layout
2026-07-06T21:16:09,L7c1fdda,ESCAPE,ENRydoUPGszMAgPQ8rJAcpASPdFzr1pHdyMyU3DJpump,,,,GRADUATED_PUMPSWAP,,PUMPSWAP_LOCAL,,,,,pumpfun,,False,pumpswap_bad_pool_layout,,,,False,,,,failed,pumpswap_bad_pool_layout,sim_failed:pumpswap_bad_pool_layout
2026-07-06T21:17:11,L7c1fdda,ESCAPE,ENRydoUPGszMAgPQ8rJAcpASPdFzr1pHdyMyU3DJpump,,,,GRADUATED_PUMPSWAP,,PUMPSWAP_LOCAL,,,,,pumpfun,,False,pumpswap_bad_pool_layout,,,,False,,,,failed,pumpswap_bad_pool_layout,sim_failed:pumpswap_bad_pool_layout
2026-07-06T21:18:13,L7c1fdda,ESCAPE,ENRydoUPGszMAgPQ8rJAcpASPdFzr1pHdyMyU3DJpump,,,,GRADUATED_PUMPSWAP,,PUMPSWAP_LOCAL,,,,,pumpfun,,False,pumpswap_bad_pool_layout,,,,False,,,,failed,pumpswap_bad_pool_layout,sim_failed:pumpswap_bad_pool_layout
2026-07-06T21:19:13,L7c1fdda,ESCAPE,ENRydoUPGszMAgPQ8rJAcpASPdFzr1pHdyMyU3DJpump,,,,GRADUATED_PUMPSWAP,,PUMPSWAP_LOCAL,,,,,pumpfun,,False,pumpswap_bad_pool_layout,,,,False,,,,failed,pumpswap_bad_pool_layout,sim_failed:pumpswap_bad_pool_layout
2026-07-06T21:20:14,L7c1fdda,ESCAPE,ENRydoUPGszMAgPQ8rJAcpASPdFzr1pHdyMyU3DJpump,,,,GRADUATED_PUMPSWAP,,PUMPSWAP_LOCAL,,,,,pumpfun,,False,pumpswap_bad_pool_layout,,,,False,,,,failed,pumpswap_bad_pool_layout,sim_failed:pumpswap_bad_pool_layout
2026-07-06T21:21:16,L7c1fdda,ESCAPE,ENRydoUPGszMAgPQ8rJAcpASPdFzr1pHdyMyU3DJpump,,,,GRADUATED_PUMPSWAP,,PUMPSWAP_LOCAL,,,,,pumpfun,,False,pumpswap_bad_pool_layout,,,,False,,,,failed,pumpswap_bad_pool_layout,sim_failed:pumpswap_bad_pool_layout
2026-07-06T21:22:17,L7c1fdda,ESCAPE,ENRydoUPGszMAgPQ8rJAcpASPdFzr1pHdyMyU3DJpump,,,,GRADUATED_PUMPSWAP,,PUMPSWAP_LOCAL,,,,,pumpfun,,False,pumpswap_bad_pool_layout,,,,False,,,,failed,pumpswap_bad_pool_layout,sim_failed:pumpswap_bad_pool_layout
2026-07-06T21:23:19,L7c1fdda,ESCAPE,ENRydoUPGszMAgPQ8rJAcpASPdFzr1pHdyMyU3DJpump,,,,GRADUATED_PUMPSWAP,,PUMPSWAP_LOCAL,,,,,pumpfun,,False,pumpswap_bad_pool_layout,,,,False,,,,failed,pumpswap_bad_pool_layout,sim_failed:pumpswap_bad_pool_layout
2026-07-06T21:24:20,L7c1fdda,ESCAPE,ENRydoUPGszMAgPQ8rJAcpASPdFzr1pHdyMyU3DJpump,,,,GRADUATED_PUMPSWAP,,PUMPSWAP_LOCAL,,,,,pumpfun,,False,pumpswap_bad_pool_layout,,,,False,,,,failed,pumpswap_bad_pool_layout,sim_failed:pumpswap_bad_pool_layout
2026-07-06T21:25:20,L7c1fdda,ESCAPE,ENRydoUPGszMAgPQ8rJAcpASPdFzr1pHdyMyU3DJpump,,,,GRADUATED_PUMPSWAP,,PUMPSWAP_LOCAL,,,,,pumpfun,,False,pumpswap_bad_pool_layout,,,,False,,,,failed,pumpswap_bad_pool_layout,sim_failed:pumpswap_bad_pool_layout
2026-07-06T21:26:21,L7c1fdda,ESCAPE,ENRydoUPGszMAgPQ8rJAcpASPdFzr1pHdyMyU3DJpump,,,,GRADUATED_PUMPSWAP,,PUMPSWAP_LOCAL,,,,,pumpfun,,False,pumpswap_bad_pool_layout,,,,False,,,,failed,pumpswap_bad_pool_layout,sim_failed:pumpswap_bad_pool_layout
2026-07-06T21:27:32,L7c1fdda,ESCAPE,ENRydoUPGszMAgPQ8rJAcpASPdFzr1pHdyMyU3DJpump,,,,GRADUATED_PUMPSWAP,,PUMPSWAP_LOCAL,,,,,pumpfun,,False,pumpswap_bad_pool_layout,,,,False,,,,failed,pumpswap_bad_pool_layout,sim_failed:pumpswap_bad_pool_layout
2026-07-06T21:28:33,L7c1fdda,ESCAPE,ENRydoUPGszMAgPQ8rJAcpASPdFzr1pHdyMyU3DJpump,,,,GRADUATED_PUMPSWAP,,PUMPSWAP_LOCAL,,,,,pumpfun,,False,pumpswap_bad_pool_layout,,,,False,,,,failed,pumpswap_bad_pool_layout,sim_failed:pumpswap_bad_pool_layout
2026-07-06T21:29:33,L7c1fdda,ESCAPE,ENRydoUPGszMAgPQ8rJAcpASPdFzr1pHdyMyU3DJpump,,,,GRADUATED_PUMPSWAP,,PUMPSWAP_LOCAL,,,,,pumpfun,,False,pumpswap_bad_pool_layout,,,,False,,,,failed,pumpswap_bad_pool_layout,sim_failed:pumpswap_bad_pool_layout
2026-07-06T21:30:34,L7c1fdda,ESCAPE,ENRydoUPGszMAgPQ8rJAcpASPdFzr1pHdyMyU3DJpump,,,,GRADUATED_PUMPSWAP,,PUMPSWAP_LOCAL,,,,,pumpfun,,False,pumpswap_bad_pool_layout,,,,False,,,,failed,pumpswap_bad_pool_layout,sim_failed:pumpswap_bad_pool_layout
2026-07-06T21:31:34,L7c1fdda,ESCAPE,ENRydoUPGszMAgPQ8rJAcpASPdFzr1pHdyMyU3DJpump,,,,GRADUATED_PUMPSWAP,,PUMPSWAP_LOCAL,,,,,pumpfun,,False,pumpswap_bad_pool_layout,,,,False,,,,failed,pumpswap_bad_pool_layout,sim_failed:pumpswap_bad_pool_layout
2026-07-06T21:32:35,L7c1fdda,ESCAPE,ENRydoUPGszMAgPQ8rJAcpASPdFzr1pHdyMyU3DJpump,,,,GRADUATED_PUMPSWAP,,PUMPSWAP_LOCAL,,,,,pumpfun,,False,pumpswap_bad_pool_layout,,,,False,,,,failed,pumpswap_bad_pool_layout,sim_failed:pumpswap_bad_pool_layout
2026-07-06T21:33:37,L7c1fdda,ESCAPE,ENRydoUPGszMAgPQ8rJAcpASPdFzr1pHdyMyU3DJpump,,,,GRADUATED_PUMPSWAP,,PUMPSWAP_LOCAL,,,,,pumpfun,,False,pumpswap_bad_pool_layout,,,,False,,,,failed,pumpswap_bad_pool_layout,sim_failed:pumpswap_bad_pool_layout
2026-07-06T21:34:38,L7c1fdda,ESCAPE,ENRydoUPGszMAgPQ8rJAcpASPdFzr1pHdyMyU3DJpump,,,,GRADUATED_PUMPSWAP,,PUMPSWAP_LOCAL,,,,,pumpfun,,False,pumpswap_bad_pool_layout,,,,False,,,,failed,pumpswap_bad_pool_layout,sim_failed:pumpswap_bad_pool_layout
2026-07-06T21:35:38,L7c1fdda,ESCAPE,ENRydoUPGszMAgPQ8rJAcpASPdFzr1pHdyMyU3DJpump,,,,GRADUATED_PUMPSWAP,,PUMPSWAP_LOCAL,,,,,pumpfun,,False,pumpswap_bad_pool_layout,,,,False,,,,failed,pumpswap_bad_pool_layout,sim_failed:pumpswap_bad_pool_layout
2026-07-06T21:36:39,L7c1fdda,ESCAPE,ENRydoUPGszMAgPQ8rJAcpASPdFzr1pHdyMyU3DJpump,,,,GRADUATED_PUMPSWAP,,PUMPSWAP_LOCAL,,,,,pumpfun,,False,pumpswap_bad_pool_layout,,,,False,,,,failed,pumpswap_bad_pool_layout,sim_failed:pumpswap_bad_pool_layout
2026-07-06T21:37:40,L7c1fdda,ESCAPE,ENRydoUPGszMAgPQ8rJAcpASPdFzr1pHdyMyU3DJpump,,,,GRADUATED_PUMPSWAP,,PUMPSWAP_LOCAL,,,,,pumpfun,,False,pumpswap_bad_pool_layout,,,,False,,,,failed,pumpswap_bad_pool_layout,sim_failed:pumpswap_bad_pool_layout
2026-07-06T21:38:40,L7c1fdda,ESCAPE,ENRydoUPGszMAgPQ8rJAcpASPdFzr1pHdyMyU3DJpump,,,,GRADUATED_PUMPSWAP,,PUMPSWAP_LOCAL,,,,,pumpfun,,False,pumpswap_bad_pool_layout,,,,False,,,,failed,pumpswap_bad_pool_layout,sim_failed:pumpswap_bad_pool_layout
2026-07-06T21:39:41,L7c1fdda,ESCAPE,ENRydoUPGszMAgPQ8rJAcpASPdFzr1pHdyMyU3DJpump,,,,GRADUATED_PUMPSWAP,,PUMPSWAP_LOCAL,,,,,pumpfun,,False,pumpswap_bad_pool_layout,,,,False,,,,failed,pumpswap_bad_pool_layout,sim_failed:pumpswap_bad_pool_layout
2026-07-06T21:40:42,L7c1fdda,ESCAPE,ENRydoUPGszMAgPQ8rJAcpASPdFzr1pHdyMyU3DJpump,,,,GRADUATED_PUMPSWAP,,PUMPSWAP_LOCAL,,,,,pumpfun,,False,pumpswap_bad_pool_layout,,,,False,,,,failed,pumpswap_bad_pool_layout,sim_failed:pumpswap_bad_pool_layout
2026-07-06T21:41:42,L7c1fdda,ESCAPE,ENRydoUPGszMAgPQ8rJAcpASPdFzr1pHdyMyU3DJpump,,,,GRADUATED_PUMPSWAP,,PUMPSWAP_LOCAL,,,,,pumpfun,,False,pumpswap_bad_pool_layout,,,,False,,,,failed,pumpswap_bad_pool_layout,sim_failed:pumpswap_bad_pool_layout
2026-07-06T21:42:43,L7c1fdda,ESCAPE,ENRydoUPGszMAgPQ8rJAcpASPdFzr1pHdyMyU3DJpump,,,,GRADUATED_PUMPSWAP,,PUMPSWAP_LOCAL,,,,,pumpfun,,False,pumpswap_bad_pool_layout,,,,False,,,,failed,pumpswap_bad_pool_layout,sim_failed:pumpswap_bad_pool_layout
2026-07-06T21:43:45,L7c1fdda,ESCAPE,ENRydoUPGszMAgPQ8rJAcpASPdFzr1pHdyMyU3DJpump,,,,GRADUATED_PUMPSWAP,,PUMPSWAP_LOCAL,,,,,pumpfun,,False,pumpswap_bad_pool_layout,,,,False,,,,failed,pumpswap_bad_pool_layout,sim_failed:pumpswap_bad_pool_layout
2026-07-06T21:44:46,L7c1fdda,ESCAPE,ENRydoUPGszMAgPQ8rJAcpASPdFzr1pHdyMyU3DJpump,,,,GRADUATED_PUMPSWAP,,PUMPSWAP_LOCAL,,,,,pumpfun,,False,pumpswap_bad_pool_layout,,,,False,,,,failed,pumpswap_bad_pool_layout,sim_failed:pumpswap_bad_pool_layout
2026-07-06T21:45:48,L7c1fdda,ESCAPE,ENRydoUPGszMAgPQ8rJAcpASPdFzr1pHdyMyU3DJpump,,,,GRADUATED_PUMPSWAP,,PUMPSWAP_LOCAL,,,,,pumpfun,,False,pumpswap_bad_pool_layout,,,,False,,,,failed,pumpswap_bad_pool_layout,sim_failed:pumpswap_bad_pool_layout
2026-07-06T21:46:49,L7c1fdda,ESCAPE,ENRydoUPGszMAgPQ8rJAcpASPdFzr1pHdyMyU3DJpump,,,,GRADUATED_PUMPSWAP,,PUMPSWAP_LOCAL,,,,,pumpfun,,False,pumpswap_bad_pool_layout,,,,False,,,,failed,pumpswap_bad_pool_layout,sim_failed:pumpswap_bad_pool_layout
2026-07-06T21:47:51,L7c1fdda,ESCAPE,ENRydoUPGszMAgPQ8rJAcpASPdFzr1pHdyMyU3DJpump,,,,GRADUATED_PUMPSWAP,,PUMPSWAP_LOCAL,,,,,pumpfun,,False,pumpswap_bad_pool_layout,,,,False,,,,failed,pumpswap_bad_pool_layout,sim_failed:pumpswap_bad_pool_layout
2026-07-06T21:48:52,L7c1fdda,ESCAPE,ENRydoUPGszMAgPQ8rJAcpASPdFzr1pHdyMyU3DJpump,,,,GRADUATED_PUMPSWAP,,PUMPSWAP_LOCAL,,,,,pumpfun,,False,pumpswap_bad_pool_layout,,,,False,,,,failed,pumpswap_bad_pool_layout,sim_failed:pumpswap_bad_pool_layout
2026-07-06T21:50:03,L7c1fdda,ESCAPE,ENRydoUPGszMAgPQ8rJAcpASPdFzr1pHdyMyU3DJpump,,,,GRADUATED_PUMPSWAP,,PUMPSWAP_LOCAL,,,,,pumpfun,,False,pumpswap_bad_pool_layout,,,,False,,,,failed,pumpswap_bad_pool_layout,sim_failed:pumpswap_bad_pool_layout
2026-07-06T21:51:14,L7c1fdda,ESCAPE,ENRydoUPGszMAgPQ8rJAcpASPdFzr1pHdyMyU3DJpump,,,,GRADUATED_PUMPSWAP,,PUMPSWAP_LOCAL,,,,,pumpfun,,False,pumpswap_bad_pool_layout,,,,False,,,,failed,pumpswap_bad_pool_layout,sim_failed:pumpswap_bad_pool_layout
2026-07-06T21:52:15,L7c1fdda,ESCAPE,ENRydoUPGszMAgPQ8rJAcpASPdFzr1pHdyMyU3DJpump,,,,GRADUATED_PUMPSWAP,,PUMPSWAP_LOCAL,,,,,pumpfun,,False,pumpswap_bad_pool_layout,,,,False,,,,failed,pumpswap_bad_pool_layout,sim_failed:pumpswap_bad_pool_layout
2026-07-06T21:53:26,L7c1fdda,ESCAPE,ENRydoUPGszMAgPQ8rJAcpASPdFzr1pHdyMyU3DJpump,,,,GRADUATED_PUMPSWAP,,PUMPSWAP_LOCAL,,,,,pumpfun,,False,pumpswap_bad_pool_layout,,,,False,,,,failed,pumpswap_bad_pool_layout,sim_failed:pumpswap_bad_pool_layout
2026-07-06T21:54:37,L7c1fdda,ESCAPE,ENRydoUPGszMAgPQ8rJAcpASPdFzr1pHdyMyU3DJpump,,,,GRADUATED_PUMPSWAP,,PUMPSWAP_LOCAL,,,,,pumpfun,,False,pumpswap_bad_pool_layout,,,,False,,,,failed,pumpswap_bad_pool_layout,sim_failed:pumpswap_bad_pool_layout
2026-07-06T21:55:38,L7c1fdda,ESCAPE,ENRydoUPGszMAgPQ8rJAcpASPdFzr1pHdyMyU3DJpump,,,,GRADUATED_PUMPSWAP,,PUMPSWAP_LOCAL,,,,,pumpfun,,False,pumpswap_bad_pool_layout,,,,False,,,,failed,pumpswap_bad_pool_layout,sim_failed:pumpswap_bad_pool_layout
2026-07-06T21:56:39,L7c1fdda,ESCAPE,ENRydoUPGszMAgPQ8rJAcpASPdFzr1pHdyMyU3DJpump,,,,GRADUATED_PUMPSWAP,,PUMPSWAP_LOCAL,,,,,pumpfun,,False,pumpswap_bad_pool_layout,,,,False,,,,failed,pumpswap_bad_pool_layout,sim_failed:pumpswap_bad_pool_layout
2026-07-06T21:57:39,L7c1fdda,ESCAPE,ENRydoUPGszMAgPQ8rJAcpASPdFzr1pHdyMyU3DJpump,,,,GRADUATED_PUMPSWAP,,PUMPSWAP_LOCAL,,,,,pumpfun,,False,pumpswap_bad_pool_layout,,,,False,,,,failed,pumpswap_bad_pool_layout,sim_failed:pumpswap_bad_pool_layout
2026-07-06T21:58:40,L7c1fdda,ESCAPE,ENRydoUPGszMAgPQ8rJAcpASPdFzr1pHdyMyU3DJpump,,,,GRADUATED_PUMPSWAP,,PUMPSWAP_LOCAL,,,,,pumpfun,,False,pumpswap_bad_pool_layout,,,,False,,,,failed,pumpswap_bad_pool_layout,sim_failed:pumpswap_bad_pool_layout
2026-07-06T23:17:06,6uwiVdEpafM9oKDXnqEu1HRid8yNoXLBFmk6Vvdupump,6uwiVdEp,6uwiVdEpafM9oKDXnqEu1HRid8yNoXLBFmk6Vvdupump,TokenzQdBNbLqP5VEhdkAS6EPFLC1PHnBqCXEpPxuEb,True,,BONDING_CURVE_T22,,BONDING_CURVE_T22_LOCAL,,,,,,,False,,,,,False,,,,failed,bc_t22_build_failed,build_err:Blockhash cache empty — local build blocked (refreshes every 2s)
2026-07-07T00:21:13,9hTFY1NQnaGDQRB5ynkqRSXKGLip2V8xANeij1WCpump,9hTFY1NQ,9hTFY1NQnaGDQRB5ynkqRSXKGLip2V8xANeij1WCpump,TokenzQdBNbLqP5VEhdkAS6EPFLC1PHnBqCXEpPxuEb,True,,BONDING_CURVE_T22,,BONDING_CURVE_T22_LOCAL,,,,,,,False,,,,,False,,,,failed,bc_t22_build_failed,build_err:Blockhash cache empty — local build blocked (refreshes every 2s)
2026-07-07T00:21:39,DJ4DS3MsRHu12Mnh2KURJW1jPSkhjANhe2eruAPppump,DJ4DS3Ms,DJ4DS3MsRHu12Mnh2KURJW1jPSkhjANhe2eruAPppump,TokenzQdBNbLqP5VEhdkAS6EPFLC1PHnBqCXEpPxuEb,True,,BONDING_CURVE_T22,,BONDING_CURVE_T22_LOCAL,,,,,,,False,,,,,False,,,,failed,bc_t22_build_failed,build_err:Blockhash cache empty — local build blocked (refreshes every 2s)
2026-07-07T00:21:39,DJ4DS3MsRHu12Mnh2KURJW1jPSkhjANhe2eruAPppump,DJ4DS3Ms,DJ4DS3MsRHu12Mnh2KURJW1jPSkhjANhe2eruAPppump,TokenzQdBNbLqP5VEhdkAS6EPFLC1PHnBqCXEpPxuEb,True,,BONDING_CURVE_T22,,BONDING_CURVE_T22_LOCAL,,,,,,,False,,,,,False,,,,failed,bc_t22_build_failed,build_err:Blockhash cache empty — local build blocked (refreshes every 2s)
2026-07-07T00:21:44,DJ4DS3MsRHu12Mnh2KURJW1jPSkhjANhe2eruAPppump,DJ4DS3Ms,DJ4DS3MsRHu12Mnh2KURJW1jPSkhjANhe2eruAPppump,TokenzQdBNbLqP5VEhdkAS6EPFLC1PHnBqCXEpPxuEb,True,,BONDING_CURVE_T22,,BONDING_CURVE_T22_LOCAL,,,,,,,False,,,,,False,,,,failed,bc_t22_build_failed,build_err:Blockhash cache empty — local build blocked (refreshes every 2s)
2026-07-07T00:21:45,DJ4DS3MsRHu12Mnh2KURJW1jPSkhjANhe2eruAPppump,DJ4DS3Ms,DJ4DS3MsRHu12Mnh2KURJW1jPSkhjANhe2eruAPppump,TokenzQdBNbLqP5VEhdkAS6EPFLC1PHnBqCXEpPxuEb,True,,BONDING_CURVE_T22,,BONDING_CURVE_T22_LOCAL,,,,,,,False,,,,,False,,,,failed,bc_t22_build_failed,build_err:Blockhash cache empty — local build blocked (refreshes every 2s)
2026-07-07T00:21:46,DJ4DS3MsRHu12Mnh2KURJW1jPSkhjANhe2eruAPppump,DJ4DS3Ms,DJ4DS3MsRHu12Mnh2KURJW1jPSkhjANhe2eruAPppump,TokenzQdBNbLqP5VEhdkAS6EPFLC1PHnBqCXEpPxuEb,True,,BONDING_CURVE_T22,,BONDING_CURVE_T22_LOCAL,,,,,,,False,,,,,False,,,,failed,bc_t22_build_failed,build_err:Blockhash cache empty — local build blocked (refreshes every 2s)
2026-07-07T00:21:50,DJ4DS3MsRHu12Mnh2KURJW1jPSkhjANhe2eruAPppump,DJ4DS3Ms,DJ4DS3MsRHu12Mnh2KURJW1jPSkhjANhe2eruAPppump,TokenzQdBNbLqP5VEhdkAS6EPFLC1PHnBqCXEpPxuEb,True,,BONDING_CURVE_T22,,BONDING_CURVE_T22_LOCAL,,,,,,,False,,,,,False,,,,failed,bc_t22_build_failed,build_err:Blockhash cache empty — local build blocked (refreshes every 2s)
2026-07-07T00:21:52,DJ4DS3MsRHu12Mnh2KURJW1jPSkhjANhe2eruAPppump,DJ4DS3Ms,DJ4DS3MsRHu12Mnh2KURJW1jPSkhjANhe2eruAPppump,TokenzQdBNbLqP5VEhdkAS6EPFLC1PHnBqCXEpPxuEb,True,,BONDING_CURVE_T22,,BONDING_CURVE_T22_LOCAL,,,,,,,False,,,,,False,,,,failed,bc_t22_build_failed,build_err:Blockhash cache empty — local build blocked (refreshes every 2s)
2026-07-07T00:21:52,DJ4DS3MsRHu12Mnh2KURJW1jPSkhjANhe2eruAPppump,DJ4DS3Ms,DJ4DS3MsRHu12Mnh2KURJW1jPSkhjANhe2eruAPppump,TokenzQdBNbLqP5VEhdkAS6EPFLC1PHnBqCXEpPxuEb,True,,BONDING_CURVE_T22,,BONDING_CURVE_T22_LOCAL,,,,,,,False,,,,,False,,,,failed,bc_t22_build_failed,build_err:Blockhash cache empty — local build blocked (refreshes every 2s)
2026-07-07T00:21:57,DJ4DS3MsRHu12Mnh2KURJW1jPSkhjANhe2eruAPppump,DJ4DS3Ms,DJ4DS3MsRHu12Mnh2KURJW1jPSkhjANhe2eruAPppump,TokenzQdBNbLqP5VEhdkAS6EPFLC1PHnBqCXEpPxuEb,True,,BONDING_CURVE_T22,,BONDING_CURVE_T22_LOCAL,,,,,,,False,,,,,False,,,,failed,bc_t22_build_failed,build_err:Blockhash cache empty — local build blocked (refreshes every 2s)
2026-07-07T00:27:57,7VifkUhWjgzEwwHk6QK5cMxDM3ZCqQp1NBfR2Gkgpump,7VifkUhW,7VifkUhWjgzEwwHk6QK5cMxDM3ZCqQp1NBfR2Gkgpump,TokenzQdBNbLqP5VEhdkAS6EPFLC1PHnBqCXEpPxuEb,True,,BONDING_CURVE_T22,,BONDING_CURVE_T22_LOCAL,,,,,,,False,,,,,False,,,,failed,bc_t22_build_failed,build_err:Blockhash cache empty — local build blocked (refreshes every 2s)
2026-07-07T00:41:11,BEwkwdQK8Pg6r1o3P4Hn28rcSZdQMrZRZwtdNg3hpump,BEwkwdQK,BEwkwdQK8Pg6r1o3P4Hn28rcSZdQMrZRZwtdNg3hpump,TokenzQdBNbLqP5VEhdkAS6EPFLC1PHnBqCXEpPxuEb,True,,BONDING_CURVE_T22,,BONDING_CURVE_T22_LOCAL,,,,,,,False,,,,,False,,,,failed,bc_t22_build_failed,build_err:Blockhash cache empty — local build blocked (refreshes every 2s)
2026-07-07T07:13:13,AGo5S8cMwXjQ9iqXaBKJZRFCcJvoRgMdvecwNpYhpump,AGo5S8cM,AGo5S8cMwXjQ9iqXaBKJZRFCcJvoRgMdvecwNpYhpump,TokenzQdBNbLqP5VEhdkAS6EPFLC1PHnBqCXEpPxuEb,True,,BONDING_CURVE_T22,,BONDING_CURVE_T22_LOCAL,,,,,,,False,,,,,False,,,,failed,bc_t22_build_failed,build_err:Blockhash cache empty — local build blocked (refreshes every 2s)
2026-07-08T22:04:55,FWbwLnyesJCznMVRcrJK3BEQb5Sx9au4sgQvEugWpump,FWbwLnye,FWbwLnyesJCznMVRcrJK3BEQb5Sx9au4sgQvEugWpump,TokenzQdBNbLqP5VEhdkAS6EPFLC1PHnBqCXEpPxuEb,True,,BONDING_CURVE_T22,,BONDING_CURVE_T22_LOCAL,,,,,,,False,pumpswap_simulation_failed,,,,False,,,,failed,pumpswap_simulation_failed,sim_failed:pumpswap_simulation_failed
2026-07-08T22:06:33,FWbwLnyesJCznMVRcrJK3BEQb5Sx9au4sgQvEugWpump,FWbwLnye,FWbwLnyesJCznMVRcrJK3BEQb5Sx9au4sgQvEugWpump,TokenzQdBNbLqP5VEhdkAS6EPFLC1PHnBqCXEpPxuEb,True,,BONDING_CURVE_T22,,BONDING_CURVE_T22_LOCAL,,,,,,,False,pumpswap_simulation_failed,,,,False,,,,failed,pumpswap_simulation_failed,sim_failed:pumpswap_simulation_failed
2026-07-08T23:43:10,8AmibtKzXHpN5v8dsZyccnPQBtyqKcu6uAqS2XaMpump,8AmibtKz,8AmibtKzXHpN5v8dsZyccnPQBtyqKcu6uAqS2XaMpump,TokenzQdBNbLqP5VEhdkAS6EPFLC1PHnBqCXEpPxuEb,True,,BONDING_CURVE_T22,,BONDING_CURVE_T22_LOCAL,,,,,,,False,pumpswap_simulation_failed,,,,False,,,,failed,pumpswap_simulation_failed,sim_failed:pumpswap_simulation_failed
2026-07-09T03:31:22,L0919a77,ROUTER,5ReYx9HTqmgRdYisJpGZvcan4zCNdYcKbbxa1L5Wpump,,,,GRADUATED_PUMPSWAP,,PUMPSWAP_LOCAL,,,,,pumpfun,,True,,,,,False,,,,failed,,sim_ok:pool=BwYNzqmt|sim_only:fallthrough
2026-07-09T03:32:25,L0919a77,ROUTER,5ReYx9HTqmgRdYisJpGZvcan4zCNdYcKbbxa1L5Wpump,,,,GRADUATED_PUMPSWAP,,PUMPSWAP_LOCAL,,,,,pumpfun,,True,,,,,False,,,,failed,,sim_ok:pool=BwYNzqmt|sim_only:fallthrough
2026-07-09T03:33:28,L0919a77,ROUTER,5ReYx9HTqmgRdYisJpGZvcan4zCNdYcKbbxa1L5Wpump,,,,GRADUATED_PUMPSWAP,,PUMPSWAP_LOCAL,,,,,pumpfun,,True,,,,,False,,,,failed,,sim_ok:pool=BwYNzqmt|sim_only:fallthrough
2026-07-09T03:34:32,L0919a77,ROUTER,5ReYx9HTqmgRdYisJpGZvcan4zCNdYcKbbxa1L5Wpump,,,,GRADUATED_PUMPSWAP,,PUMPSWAP_LOCAL,,,,,pumpfun,,True,,,,,False,,,,failed,,sim_ok:pool=BwYNzqmt|sim_only:fallthrough
2026-07-09T04:58:58,L647890a,ICM,X6MGonT78XsReMtfp7EZ8pmD28DT8G8fbwtgQvspump,,,,GRADUATED_PUMPSWAP,,PUMPSWAP_LOCAL,,,,,pumpfun,,False,pumpswap_bad_pool_layout,,,,False,,,,failed,pumpswap_bad_pool_layout,sim_failed:pumpswap_bad_pool_layout
2026-07-09T05:00:01,L647890a,ICM,X6MGonT78XsReMtfp7EZ8pmD28DT8G8fbwtgQvspump,,,,GRADUATED_PUMPSWAP,,PUMPSWAP_LOCAL,,,,,pumpfun,,False,pumpswap_bad_pool_layout,,,,False,,,,failed,pumpswap_bad_pool_layout,sim_failed:pumpswap_bad_pool_layout
2026-07-09T05:01:05,L647890a,ICM,X6MGonT78XsReMtfp7EZ8pmD28DT8G8fbwtgQvspump,,,,GRADUATED_PUMPSWAP,,PUMPSWAP_LOCAL,,,,,pumpfun,,False,pumpswap_bad_pool_layout,,,,False,,,,failed,pumpswap_bad_pool_layout,sim_failed:pumpswap_bad_pool_layout
2026-07-09T05:02:08,L647890a,ICM,X6MGonT78XsReMtfp7EZ8pmD28DT8G8fbwtgQvspump,,,,GRADUATED_PUMPSWAP,,PUMPSWAP_LOCAL,,,,,pumpfun,,False,pumpswap_bad_pool_layout,,,,False,,,,failed,pumpswap_bad_pool_layout,sim_failed:pumpswap_bad_pool_layout
2026-07-09T05:55:04,L122da63,Clicking,D5BELpjEUGVz3KVbFSBNNoJDshNcXo9cACFxRCpJpump,,,,GRADUATED_PUMPSWAP,,PUMPSWAP_LOCAL,,,,,pumpfun,,False,pumpswap_bad_pool_layout,,,,False,,,,failed,pumpswap_bad_pool_layout,sim_failed:pumpswap_bad_pool_layout
2026-07-09T05:56:08,L122da63,Clicking,D5BELpjEUGVz3KVbFSBNNoJDshNcXo9cACFxRCpJpump,,,,GRADUATED_PUMPSWAP,,PUMPSWAP_LOCAL,,,,,pumpfun,,False,pumpswap_bad_pool_layout,,,,False,,,,failed,pumpswap_bad_pool_layout,sim_failed:pumpswap_bad_pool_layout
2026-07-09T05:57:11,L122da63,Clicking,D5BELpjEUGVz3KVbFSBNNoJDshNcXo9cACFxRCpJpump,,,,GRADUATED_PUMPSWAP,,PUMPSWAP_LOCAL,,,,,pumpfun,,False,pumpswap_bad_pool_layout,,,,False,,,,failed,pumpswap_bad_pool_layout,sim_failed:pumpswap_bad_pool_layout
2026-07-09T05:58:14,L122da63,Clicking,D5BELpjEUGVz3KVbFSBNNoJDshNcXo9cACFxRCpJpump,,,,GRADUATED_PUMPSWAP,,PUMPSWAP_LOCAL,,,,,pumpfun,,False,pumpswap_bad_pool_layout,,,,False,,,,failed,pumpswap_bad_pool_layout,sim_failed:pumpswap_bad_pool_layout
2026-07-09T10:26:17,L305c8c5,Cal ,5MJSZUkjtnbUDJRtrW61RLR4drgKRqitjLeen1A7pump,,,,GRADUATED_PUMPSWAP,,PUMPSWAP_LOCAL,,,,,pumpfun,,False,pumpswap_bad_pool_layout,,,,False,,,,failed,pumpswap_bad_pool_layout,sim_failed:pumpswap_bad_pool_layout
2026-07-09T10:27:20,L305c8c5,Cal ,5MJSZUkjtnbUDJRtrW61RLR4drgKRqitjLeen1A7pump,,,,GRADUATED_PUMPSWAP,,PUMPSWAP_LOCAL,,,,,pumpfun,,False,pumpswap_bad_pool_layout,,,,False,,,,failed,pumpswap_bad_pool_layout,sim_failed:pumpswap_bad_pool_layout
2026-07-09T10:28:25,L305c8c5,Cal ,5MJSZUkjtnbUDJRtrW61RLR4drgKRqitjLeen1A7pump,,,,GRADUATED_PUMPSWAP,,PUMPSWAP_LOCAL,,,,,pumpfun,,False,pumpswap_bad_pool_layout,,,,False,,,,failed,pumpswap_bad_pool_layout,sim_failed:pumpswap_bad_pool_layout
2026-07-09T10:29:29,L305c8c5,Cal ,5MJSZUkjtnbUDJRtrW61RLR4drgKRqitjLeen1A7pump,,,,GRADUATED_PUMPSWAP,,PUMPSWAP_LOCAL,,,,,pumpfun,,False,pumpswap_bad_pool_layout,,,,False,,,,failed,pumpswap_bad_pool_layout,sim_failed:pumpswap_bad_pool_layout
2026-07-09T11:24:56,L8e2cbd0,MetaBacteria,9SNoSiaFKTf8ZSsK37g1nEsYHMTVJXxSzJdtcFKjpump,,,,GRADUATED_PUMPSWAP,,PUMPSWAP_LOCAL,,,,,pumpfun,,False,pumpswap_bad_pool_layout,,,,False,,,,failed,pumpswap_bad_pool_layout,sim_failed:pumpswap_bad_pool_layout
2026-07-09T11:26:09,L8e2cbd0,MetaBacteria,9SNoSiaFKTf8ZSsK37g1nEsYHMTVJXxSzJdtcFKjpump,,,,GRADUATED_PUMPSWAP,,PUMPSWAP_LOCAL,,,,,pumpfun,,False,pumpswap_bad_pool_layout,,,,False,,,,failed,pumpswap_bad_pool_layout,sim_failed:pumpswap_bad_pool_layout
2026-07-09T11:27:11,L8e2cbd0,MetaBacteria,9SNoSiaFKTf8ZSsK37g1nEsYHMTVJXxSzJdtcFKjpump,,,,GRADUATED_PUMPSWAP,,PUMPSWAP_LOCAL,,,,,pumpfun,,False,pumpswap_bad_pool_layout,,,,False,,,,failed,pumpswap_bad_pool_layout,sim_failed:pumpswap_bad_pool_layout
2026-07-09T11:28:17,L8e2cbd0,MetaBacteria,9SNoSiaFKTf8ZSsK37g1nEsYHMTVJXxSzJdtcFKjpump,,,,GRADUATED_PUMPSWAP,,PUMPSWAP_LOCAL,,,,,pumpfun,,False,pumpswap_bad_pool_layout,,,,False,,,,failed,pumpswap_bad_pool_layout,sim_failed:pumpswap_bad_pool_layout
2026-07-09T13:14:48,L922aa96,Nutzsche,BehYSQLMq94abNdErKBvYXmdxUKbx2DrNrPn6t7Bpump,,,,GRADUATED_PUMPSWAP,,PUMPSWAP_LOCAL,,,,,pumpfun,,False,pumpswap_bad_pool_layout,,,,False,,,,failed,pumpswap_bad_pool_layout,sim_failed:pumpswap_bad_pool_layout
2026-07-09T13:15:51,L922aa96,Nutzsche,BehYSQLMq94abNdErKBvYXmdxUKbx2DrNrPn6t7Bpump,,,,GRADUATED_PUMPSWAP,,PUMPSWAP_LOCAL,,,,,pumpfun,,False,pumpswap_bad_pool_layout,,,,False,,,,failed,pumpswap_bad_pool_layout,sim_failed:pumpswap_bad_pool_layout
2026-07-09T13:16:56,L922aa96,Nutzsche,BehYSQLMq94abNdErKBvYXmdxUKbx2DrNrPn6t7Bpump,,,,GRADUATED_PUMPSWAP,,PUMPSWAP_LOCAL,,,,,pumpfun,,False,pumpswap_bad_pool_layout,,,,False,,,,failed,pumpswap_bad_pool_layout,sim_failed:pumpswap_bad_pool_layout
2026-07-09T13:17:59,L922aa96,Nutzsche,BehYSQLMq94abNdErKBvYXmdxUKbx2DrNrPn6t7Bpump,,,,GRADUATED_PUMPSWAP,,PUMPSWAP_LOCAL,,,,,pumpfun,,False,pumpswap_bad_pool_layout,,,,False,,,,failed,pumpswap_bad_pool_layout,sim_failed:pumpswap_bad_pool_layout
