id,signal_id,chain,token_address,token_symbol,signal_type,strength,signal_price,signal_time,entry_price,entry_time,size_usd,exit_price,exit_time,exit_reason,pnl_usd,pnl_pct,peak_price,hard_stop_pct,whale_count,whale_tiers,safety_score,momentum_score,composite_score,price_change_5m,price_change_1h,price_change_6h,buys_5m,sells_5m,buys_h1,sells_h1,buy_sell_ratio_5m,buy_sell_ratio_h1,volume_5m,volume_h1,volume_h6,liquidity_usd,mcap_usd,fdv,age_minutes,dex_id,dexscreener_url,has_twitter,has_telegram,has_website,rugcheck_score,buy_tax,sell_tax,notes,config_tag,tp_levels_hit,realized_partial_usd,remaining_fraction,sol_received,accounting_epoch,signal_dex_price,baseline_curve_price,fill_price_field,entry_source
L5df3ea6,cc8cea4d,solana,6nu5jTpDsscXscpJhxMZz44YowmA2GJasNhzKx5pump,BLOMA,social_alert,medium,,,2.543842343886025e-05,2026-06-04 12:14:35,5,2.29373287174788e-05,2026-06-04 12:14:47,hard_stop,-0.4916,-9.83,1.366e-05,,0,,0.5,0.8,0.71,-1.26,584.0,584.0,226,135,501,361,0.626,0.581,14163.47,32492.69,32492.69,0.0,13668.57,13668.57,11.0,pumpfun,https://dexscreener.com/solana/dxecm4hyu2vd2lqeaifjvte7njoz6gruzqi1qss9rmyx,False,False,False,0.0,0.0,0.0,live|tx:2wCvXFMB2MRn|sell_tx:4Lv2Pa9F9wbW,v4_2026-05-13,,,,,,,,,
L9348261,095717d4,solana,krFpw2YaxjEscyKzs1HqohKq9ArGKMahgt93uoapump,SigeonPex,social_alert,strong,,,1.770593387361623e-05,2026-06-04 12:09:29,5,5.862e-05,2026-06-04 13:00:32,manual,11.5538,231.08,7.212e-05,,0,,0.4,0.8,0.68,319.0,319.0,319.0,224,162,224,162,0.58,0.58,15314.26,15314.26,15314.26,0.0,15735.97,15735.97,4.4,pumpfun,https://dexscreener.com/solana/e3z6imbez6jhwsc58a4jpxyr5h2tm8ftjcihwk5r6maz,False,False,False,0.0,0.0,0.0,live|tx:3PKM5HRaQdFK|sell_failed,v4_2026-05-13,,,,,,,,,
Ldd92892,ca8e3dbc,solana,3QUuz9hf5zdCRwzuCjC1Qscg8NSCxKLksqAJmgqfpump,1-800-TRENCH,social_alert,strong,,,2.174172295955461e-05,2026-06-04 13:03:23,5,7.661566052309346e-06,2026-06-04 13:03:29,hard_stop,-3.238,-64.76,1.316e-05,,0,,0.4,0.8,0.68,394.0,394.0,394.0,396,344,396,344,0.535,0.535,33140.88,33140.88,33140.88,0.0,13162.22,13162.22,2.1,pumpfun,https://dexscreener.com/solana/ebzud14hcyvvqrhbz9rzbmpwn22d3bs83fxdxgvoxfur,False,False,False,0.0,0.0,0.0,live|tx:WnX54Ew8ocnV|sell_tx:3SFbVyF8H32C,v4_2026-05-13,,,,,,,,,
L1d22463,8596e705,solana,A6TGiKNJnXDu6oVzCJgDfadAGNXzWbJCxqNytCfHpump,ALEXANDER,social_alert,medium,,,2.1878071832023968e-05,2026-06-04 14:13:28,5,1.2632719381907031e-05,2026-06-04 14:35:19,hard_stop,-2.1129,-42.26,5.166e-05,,0,,0.5,0.8,0.71,58.92,467.0,467.0,173,109,984,660,0.613,0.599,7797.11,53381.16,53381.16,0.0,15187.88,15187.88,13.3,pumpfun,https://dexscreener.com/solana/cbbtwacy9tax2j9y4lhb2969wrah6hxs8mqdetofm8am,False,False,False,0.0,0.0,0.0,live|tx:4oH56VdgejGu|sell_tx:2DaEDzZXkrRH,v4_2026-05-13,,,,,,,,,
Lf223bea,315ac5e0,solana,9iyPoJg1qBSvezR9ScjF7H4aAYeAbprPRX55RT3wPnAy,BULLPOST,social_alert,strong,,,1.7313201619193548e-05,2026-06-04 14:57:24,5,9.585e-06,2026-06-04 14:57:45,hard_stop,-2.2319,-44.64,9.585e-06,,0,,0.5,0.8,0.71,54.32,295.0,295.0,123,100,411,343,0.552,0.545,10506.68,32760.71,32760.71,0.0,9585.13,9585.13,8.2,pumpfun,https://dexscreener.com/solana/dg6tgk7fh9iwfmpajhqw2wjiguse352uncxwwvj5xzfg,False,False,False,0.0,0.0,0.0,live|tx:3iN9RT6HSwLp|sell_failed,v4_2026-05-13,,,,,,,,,
Lce60104,ba25c12e,solana,2Wkip2U5x93mjaAvoq8zaedweP73GgRtbaQhNcwXpump,APE,social_alert,strong,,,2.2717160370478612e-05,2026-06-04 15:54:56,5,1.2525090785858035e-05,2026-06-04 15:56:18,hard_stop,-2.2433,-44.87,1.999e-05,,0,,0.5,0.8,0.71,777.0,777.0,777.0,212,127,212,127,0.625,0.625,13404.24,13404.24,13404.24,0.0,17491.62,17491.62,3.6,pumpfun,https://dexscreener.com/solana/8zey7zbm6wfgv3nhrlssicusbqzypw473anxjybdgch7,False,False,False,0.0,0.0,0.0,live|tx:3yeUKtdRjobL|sell_tx:2CFNwdi8CmeN,v4_2026-05-13,,,,,,,,,
Lf1f845b,ba25475e,solana,8PzgGuxrZSUPooX57Tqy9VMrK721hDsgdiFMernbpump,sidequest,social_alert,strong,,,2.183030081661821e-05,2026-06-04 16:34:24,5,9.281e-06,2026-06-04 16:34:31,hard_stop,-2.8743,-57.49,9.281e-06,,0,,0.4,0.8,0.68,380.0,380.0,380.0,111,90,111,90,0.552,0.552,8947.74,8947.74,8947.74,0.0,9281.85,9281.85,1.3,pumpfun,https://dexscreener.com/solana/6z24cu2wrcnanxqefjbg2lcfcoi5hohftgpw5aa3wcxi,False,False,False,0.0,0.0,0.0,live|tx:2YZkVJyDFf38|sell_failed,v4_2026-05-13,,,,,,,,,
L8a7946c,4e7a3c56,solana,EXQ4AtTJcEWrSvEb2StXveZJM9F74VELT8AAcm6Jpump,Dare2,social_alert,strong,,,1.9695981231501935e-05,2026-06-04 16:35:44,5,1.313967129301059e-05,2026-06-04 16:35:53,hard_stop,-1.6644,-33.29,1.591e-05,,0,,0.4,0.8,0.68,663.0,663.0,663.0,149,110,149,110,0.575,0.575,13707.13,13707.13,13707.13,0.0,15913.22,15913.22,3.0,pumpfun,https://dexscreener.com/solana/clrr1zf3rh82up2d1dnywmjx7f1ephnalrhkqch1cuf3,False,False,False,0.0,0.0,0.0,live|tx:5XY9LK17BPpv|sell_tx:2xqW2XY33eXt,v4_2026-05-13,,,,,,,,,
L66caca3,0d6deb3a,solana,F1eq1Tm9M2mK9fo92DZRbXex856mJX192s1sM9jJpump,DARE,social_alert,strong,,,2.3368114345274647e-05,2026-06-04 16:16:36,5,9.17802196978239e-05,2026-06-04 16:37:39,trailing_stop,14.6379,292.76,0.0001419,,0,,0.4,0.8,0.68,503.0,503.0,503.0,252,256,252,256,0.496,0.496,23229.82,23229.82,23229.82,0.0,20785.09,20785.09,1.2,pumpfun,https://dexscreener.com/solana/b551axa9lrbzxsceixju58mpb5tpdcccbcmq3pddmsxp,False,False,False,0.0,0.0,0.0,live|tx:3J3HKNnDxgXc|sell_tx:DBxhVawt1YmU,v4_2026-05-13,,,,,,,,,
Lef2d9f0,925ad13b,solana,BCyoEpQQUtC2e4HzGrPoXp1GPDTroXVHkbzrsnaLpump,CROW,social_alert,medium,,,2.459539577188482e-05,2026-06-04 16:02:03,5,1.7886149759916055e-05,2026-06-04 16:37:54,hard_stop,-1.3639,-27.28,5.233e-05,,0,,0.5,0.8,0.71,141.0,887.0,887.0,201,185,375,313,0.521,0.545,17264.16,26655.37,26655.37,0.0,20548.72,20548.72,17.6,pumpfun,https://dexscreener.com/solana/5qtqvplkvwcagtbgymjwfnzccpt443u1vhrwbddljedh,False,False,False,0.0,0.0,0.0,live|tx:9hTMYAbK2nBg|sell_tx:5avgj2aeTYxU,v4_2026-05-13,,,,,,,,,
Le6ab627,c7d6300f,solana,CotLSBurTrJz4q6prqtAHZTwRoEB3cGtz3kmQq7vpump,Streamer Coin,social_alert,strong,,,1.897367827299937e-05,2026-06-04 16:57:41,5,3.317e-06,2026-06-04 16:59:11,hard_stop,-4.1259,-82.52,1.836e-05,,0,,0.4,0.8,0.68,685.0,685.0,685.0,330,234,330,234,0.585,0.585,28496.77,28496.77,28496.77,0.0,16157.78,16157.78,4.7,pumpfun,https://dexscreener.com/solana/e4ynvqwxxey2rhfpjutbfkkemaujrviv6wvlfrab6ezt,False,False,False,0.0,0.0,0.0,live|tx:3JRPn8zDd3bT|sell_failed,v4_2026-05-13,,,,,,,,,
Lc6cae79,18b9c0fe,solana,CZKFwpG7S4HJnYSGYhiBdeyptPnw4kpeib5nhzscuy9b,CALEB,social_alert,strong,,,2.0424657844404686e-05,2026-06-04 17:07:28,5,1.2193009685568364e-05,2026-06-04 17:13:09,hard_stop,-2.0151,-40.3,4.063e-05,,0,,0.4,0.8,0.68,348.0,348.0,348.0,463,373,463,373,0.554,0.554,42118.59,42118.59,42118.59,0.0,12523.76,12523.76,3.4,pumpfun,https://dexscreener.com/solana/6fajhvahdfgfgunc7f1cou8wqgqbddvzpknffgzdw5mn,False,False,False,0.0,0.0,0.0,live|tx:3cJ6wsaAp3z4|sell_tx:pBEbSwEuuG7t,v4_2026-05-13,,,,,,,,,
L4a9c0be,11916b21,solana,Yv7eLDZxGsKSTcXB1gsqiwT421vxV42kyURGyuBpump,EPIC,social_alert,strong,,,2.6234368077599612e-05,2026-06-04 17:15:35,5,2.8767742661945387e-05,2026-06-04 17:15:45,hard_stop,0.4828,9.66,1.61e-05,,0,,0.4,0.8,0.68,504.0,504.0,504.0,325,238,325,238,0.577,0.577,31733.96,31733.96,31733.96,0.0,14173.5,14173.5,3.9,pumpfun,https://dexscreener.com/solana/ay4n4r4mryltucei93dx9cirwktt8xpdhltuy4j9ven7,False,False,False,0.0,0.0,0.0,live|tx:2Wt5CnmntdYq|sell_tx:2cd4XnX35TbQ,v4_2026-05-13,,,,,,,,,
L1de87c9,c2dc550a,solana,EFcxY6vC8jESfX8aBKwqzGHs7K6hYxXPT6nmfcQ3pump,MEMEWORK,social_alert,medium,,,2.4275333341297792e-05,2026-06-04 17:10:52,5,6.4155202718397275e-06,2026-06-04 17:31:36,hard_stop,-3.6786,-73.57,4.616e-05,,0,,0.6,0.8,0.74,73.93,675.0,675.0,274,157,870,546,0.636,0.614,14335.69,47308.58,47308.58,0.0,21558.24,21558.24,13.1,pumpfun,https://dexscreener.com/solana/es3orqk29fymfzi8ht7nmfksr2l1lqpcfm2gbpga9wuu,False,False,False,0.0,0.0,0.0,live|tx:4vJJyKGEobSG|sell_tx:3c6f4aeGiPoF,v4_2026-05-13,,,,,,,,,
L6ac74e3,b7b19653,solana,3yf1CMdH5spW8EYF9Tf6j8k5qnynWGbvHc4XNSdwpump,KIND,social_alert,strong,,,2.3651448643458607e-05,2026-06-04 17:31:50,5,1.3189449352117046e-05,2026-06-04 17:54:53,hard_stop,-2.2117,-44.23,4.607e-05,,0,,0.4,0.8,0.68,639.0,639.0,639.0,801,565,801,565,0.586,0.586,47020.74,47020.74,47020.74,0.0,18937.77,18937.77,3.3,pumpfun,https://dexscreener.com/solana/3vkfbmtsd4pjzvqwqj6wq9kdrds4mb2wxv1qsawgxtuf,False,False,False,0.0,0.0,0.0,live|tx:5oMTN6RrcUNG|sell_tx:4EXGHE6WEQTJ,v4_2026-05-13,,,,,,,,,
L5cdcd81,5ce613b5,solana,4RkAeVk7hrKqLqWeWwrqLF52rVYNvzA6Q8TJJEkYpump,USDC,social_alert,strong,,,2.2147177708356355e-05,2026-06-04 17:44:32,5,2.053817665559681e-06,2026-06-04 17:54:58,hard_stop,-4.5363,-90.73,2.615e-05,,0,,0.4,0.8,0.68,700.0,700.0,700.0,327,431,327,431,0.431,0.431,36170.61,36170.61,36170.61,0.0,16390.75,16390.75,3.8,pumpfun,https://dexscreener.com/solana/bagnnwfvcnky8jdwgqmhb4gez7uzo5qif1nfkbpvamdn,False,False,False,0.0,0.0,0.0,live|tx:3YL4MtxVBABz|sell_tx:gtALWbjBy74a,v4_2026-05-13,,,,,,,,,
Le001eed,f93be844,solana,AQzMLV4mpn78JveB6xyMcK1mD8JDRGNndVmsV5Fbpump,3,social_alert,medium,,,1.871179096683902e-05,2026-06-04 17:48:04,5,9.405867744344757e-06,2026-06-04 18:00:56,hard_stop,-2.4866,-49.73,2.534e-05,,0,,0.5,0.8,0.71,75.16,579.0,579.0,168,140,954,733,0.545,0.566,9273.18,54568.44,54568.44,0.0,15800.73,15800.73,12.4,pumpfun,https://dexscreener.com/solana/4k5edburyv7fba66z9phcddw1b5fsjehz82wbdfkd5k9,False,False,False,0.0,0.0,0.0,live|tx:5gg3q6bXWeTb|sell_tx:4s2gPpuprcwh,v4_2026-05-13,,,,,,,,,
L6369a7f,3c3948c2,solana,GyAhwBfaH1gZ8c8U2XrPt1U6wNoF65ZHfZsgL6rGpump,BountyDrop,social_alert,strong,,,1.423e-05,2026-06-04 18:09:51,5,7.015975109447927e-06,2026-06-04 18:16:25,hard_stop,-2.5348,-50.7,2.012e-05,,0,,0.6,0.8,0.74,97.59,609.0,609.0,423,337,692,491,0.557,0.585,19264.43,33446.66,33446.66,0.0,14236.72,14236.72,6.6,pumpfun,https://dexscreener.com/solana/6sahlnl5htzci6mawshvlwvepxfskuwxexfrvxlqu9j6,True,False,True,0.0,0.0,0.0,live|tx:4MmJTmotFMD4|fill:0.0000190277|sell_tx:3n66GL83Hi9Z,v4_2026-05-13,,,,,,,,,
L1475c4b,c8a9b359,solana,5SSZNdU6SWVSfGV4fZ3SjPsqGirVh6UVEa5tRCHVpump,DECLAN,social_alert,strong,,,1.774e-05,2026-06-04 18:30:15,5,6.33423622707305e-06,2026-06-04 18:33:52,hard_stop,-3.2147,-64.29,3.097e-05,,0,,0.5,0.8,0.71,574.0,574.0,574.0,333,154,333,154,0.684,0.684,18923.64,18923.64,18923.64,0.0,17749.34,17749.34,4.0,pumpfun,https://dexscreener.com/solana/ba3zwq5fxndccxezhezyip4tjnajozyzwpbgft3xefqr,False,False,False,0.0,0.0,0.0,live|tx:5AYbWPiNAxA3|fill:0.0000218841|sell_tx:5bZPJBxagB2K,v4_2026-05-13,,,,,,,,,
L3f5d0d9,37f22da4,solana,7jQj3fgPWMAXt4Y9otUnfp2w4EX8N1tqs4K4Ztmnpump,MEMEAI,social_alert,strong,,,1.943e-05,2026-06-04 18:55:09,5,2.285e-06,2026-06-04 19:07:19,hard_stop,-4.412,-88.24,3.542e-05,,0,,0.4,0.8,0.68,835.0,835.0,835.0,431,574,431,574,0.429,0.429,44787.12,44787.12,44787.12,0.0,19432.44,19432.44,5.0,pumpfun,https://dexscreener.com/solana/wtwlyp39gnds2c9xm5njmw5h4p7h8xqemrhb81fkwhj,False,False,False,0.0,0.0,0.0,live|tx:3UxyDMNtyprm|fill:0.0000220013|sell_tx:54JyP2vTjE13|sell_fill:0.0000022089,v4_2026-05-13,,,,,,,,,
L3180c30,3c24d8ba,solana,vjExLhB7ooNkKaPtfLSk24Z1unhu5osXQAVxSTJfTAG,TAG,social_alert,strong,,,1.319e-05,2026-06-04 19:05:44,5,6.09e-06,2026-06-04 19:12:19,hard_stop,-2.6914,-53.83,3.092e-05,,0,,0.4,0.8,0.68,537.0,537.0,537.0,677,544,677,544,0.554,0.554,49399.44,49399.44,49399.44,0.0,13190.52,13190.52,1.7,pumpfun,https://dexscreener.com/solana/askfodktse8f25l6fmyfp3zvmei6ce6cnpmwsjawptzg,False,False,False,0.0,0.0,0.0,live|tx:46bf3ZSAzpLn|fill:0.0000217514|sell_tx:2QgjGcZNzPHT|sell_fill:0.0000047924,v4_2026-05-13,,,,,,,,,
Lc0f46f0,43ec9836,solana,3knA15EygRSK6S1nUm8sJM8YZebwzEA8Lftcg7H3pump,alex,social_alert,medium,,,2.115e-05,2026-06-04 19:29:41,5,6.763e-06,2026-06-04 19:31:31,hard_stop,-3.4012,-68.02,2.339e-05,,0,,0.7,0.8,0.77,50.33,796.0,796.0,275,170,1591,979,0.618,0.619,13949.22,89655.79,89655.79,0.0,21153.93,21153.93,12.8,pumpfun,https://dexscreener.com/solana/9dzgbdwampueavp9vzmk24lfdn3r8quzbjkbzmfhaeca,True,False,True,0.0,0.0,0.0,live|tx:gX1s1q7XL6FE|fill:0.0000228068|sell_tx:21sz8jAuN92q|sell_fill:0.0000066546,v4_2026-05-13,,,,,,,,,
L9576fae,664b6616,solana,8k1EECVnEbGnP717XQWHNhs7FCsRrsMCg7vM86z1pump,alex,social_alert,strong,,,1.731e-05,2026-06-04 19:12:49,5,1.11e-05,2026-06-04 19:44:36,hard_stop,-1.7938,-35.88,4.474e-05,,0,,0.65,0.8,0.755,186.0,556.0,556.0,421,269,580,383,0.61,0.602,23484.78,39535.8,39535.8,0.0,17311.35,17311.35,6.1,pumpfun,https://dexscreener.com/solana/3tj6f1j5ufp8nnyebiny6z6fap9ep6dkopdenltvxigm,True,False,False,0.0,0.0,0.0,live|tx:3L82dC2Fw574|fill:0.0000191322|sell_failed,v4_2026-05-13,,,,,,,,,
L65062ff,94ec7377,solana,3KKrgQCadTUKxeE2sJ2G2PKt241fW8Pucv8BtbuLpump,🖖,social_alert,strong,,,1.707e-05,2026-06-05 00:41:21,5,2.791e-05,2026-06-05 00:55:51,trailing_stop,3.1752,63.5,5.091e-05,,0,,0.5,0.8,0.71,633.0,633.0,633.0,411,274,411,274,0.6,0.6,21036.68,21036.68,21036.68,0.0,17070.29,17070.29,2.6,pumpfun,https://dexscreener.com/solana/e8kv4t5s5lpigq2agrmjz2rqqchvgygh6ucnidbrzr93,False,False,False,0.0,0.0,0.0,live|tx:n67qknJNif5x|fill:0.0000188280|sell_tx:WiKZEMnSYprp|sell_fill:0.0000275805,v4_2026-05-13,,,,,,,,,
L6d67216,4cc60933,solana,FNBQBsaJCFC6xXswrSJHmxtzAvtADUATd7ENGvrWpump,FLEET,social_alert,medium,,,1.913e-05,2026-06-05 00:19:23,5,1.231e-05,2026-06-05 01:19:53,hard_stop,-1.7825,-35.65,3.744e-05,,0,,0.7,0.6,0.63,28.71,804.0,804.0,67,35,646,429,0.657,0.601,2905.89,32636.36,32636.36,0.0,19131.86,19131.86,26.9,pumpfun,https://dexscreener.com/solana/6tney3paynkn1oycqu9ja5pouetmzxytxogdamuifg2w,True,False,True,0.0,0.0,0.0,live|tx:61x1bg2Uqyjv|fill:0.0000212241|sell_tx:2gcpQeSLGJJQ|sell_fill:0.0000133124,v4_2026-05-13,,,,,,,,,
L753cc7e,8af69999,solana,C4r2qQzMianFiYfLFz1wQWaqgF8mMzmqQfDUhZDNpump,buyitnigga,social_alert,strong,,,1.467e-05,2026-06-05 00:58:31,5,7.821e-06,2026-06-05 01:37:30,hard_stop,-2.3344,-46.69,2.437e-05,,0,,0.6,0.8,0.74,315.0,615.0,615.0,498,244,657,378,0.671,0.635,20018.14,30006.15,30006.15,0.0,14672.79,14672.79,7.9,pumpfun,https://dexscreener.com/solana/fyrbvxqceadcrrfskpkqcurxqv7wgttkfcgwbjjcwexb,False,False,False,0.0,0.0,0.0,live|tx:4Qpei9e6SvPS|fill:0.0000194988|sell_tx:5XuxbC8MXng8|sell_fill:0.0000089429,v4_2026-05-13,,,,,,,,,
L71e97b6,bd22d65d,solana,25ZZUxNK8T7ct75DFJfobW9whGCVCsAkcxUqLqhUpump,stars,social_alert,strong,,,1.461e-05,2026-06-05 02:04:29,5,1.827e-06,2026-06-05 02:10:32,hard_stop,-4.3747,-87.49,2.512e-05,,0,,0.5,0.8,0.71,532.0,532.0,532.0,272,164,272,164,0.624,0.624,16938.05,16938.05,16938.05,0.0,14611.83,14611.83,1.5,pumpfun,https://dexscreener.com/solana/2xcfuztwf5jsgi52zfqiynv9rbcd4vferthxoh8agfhv,False,False,False,0.0,0.0,0.0,live|tx:3DVnhJsmDefc|fill:0.0000222053|sell_tx:5tkXm3LcqsBk|sell_fill:0.0000021615,v4_2026-05-13,,,,,,,,,
La46effe,e28fab82,solana,AKQsb5XKL7RohnLGWjRui5ArUYVSZWJ5VwDSa2EEpump,Gorilla,social_alert,medium,,,1.627e-05,2026-06-05 02:12:37,5,1.037e-05,2026-06-05 02:18:58,hard_stop,-1.8132,-36.26,1.808e-05,,0,,0.65,0.8,0.755,23.43,115.0,115.0,200,121,675,401,0.623,0.627,11460.83,45943.73,45943.73,0.0,16275.01,16275.01,10.3,pumpfun,https://dexscreener.com/solana/2dshmdghcrpwx5j7a7vdrjclsjbfuhfsltl7fmrfkbpu,True,False,False,0.0,0.0,0.0,live|tx:516RxyR6Mtxx|fill:0.0000190627|sell_tx:FCfYfzQMsLS9|sell_fill:0.0000104741,v4_2026-05-13,,,,,,,,,
L73d8a41,d6b52574,solana,6wnnfpWZXEw9d8bGRVTaWnX2Te8RsPSfLowvpGxLpump,ALLSTARS,social_alert,strong,,,1.517e-05,2026-06-05 03:04:47,5,9.477e-06,2026-06-05 03:47:05,hard_stop,-1.8764,-37.53,3.273e-05,,0,,0.4,0.8,0.68,357.0,357.0,357.0,167,143,167,143,0.539,0.539,9822.66,9822.66,9822.66,0.0,15177.69,15177.69,2.0,pumpfun,https://dexscreener.com/solana/geqni2fbgwsskyvefupvesvwvhdoy2saxne56k8dxccd,False,False,False,0.0,0.0,0.0,live|tx:3ZNEx3feytR2|fill:0.0000206589|sell_tx:5ikr9MpGAvrq|sell_fill:0.0000120233,v4_2026-05-13,,,,,,,,,
Le96ee58,e252f659,solana,EGcyghBEZ3A1t32FkcPzbKnMjE9UpBgK7789rq1W4JcR,GRUG,social_alert,medium,,,1.433e-05,2026-06-05 04:18:10,5,9.171e-06,2026-06-05 04:25:15,hard_stop,-1.8001,-36.0,1.944e-05,,0,,0.6,0.8,0.74,13.36,250.0,250.0,219,112,982,640,0.662,0.605,9431.24,54980.1,54980.1,0.0,14335.21,14335.21,12.1,pumpfun,https://dexscreener.com/solana/afb22ricpd5czgylrktar8oa2twqs6f2s8xj8d9i8afx,False,False,False,0.0,0.0,0.0,live|tx:4ohrUkZdPUPb|fill:0.0000198708|sell_tx:2TdBzpVT978y|sell_fill:0.0000095473,v4_2026-05-13,,,,,,,,,
L2068e40,8f250d1f,solana,DQmocD9y8houazhkKo2eGGVmpkW7qb5NvbhXLSGgpump,ZEC,social_alert,strong,,,1.711e-05,2026-06-05 04:48:01,5,6.368e-06,2026-06-05 04:52:18,hard_stop,-3.1391,-62.78,1.99e-05,,0,,0.6,0.8,0.74,1.56,591.0,591.0,540,289,1016,569,0.651,0.641,21551.97,48425.86,48425.86,0.0,17117.99,17117.99,8.4,pumpfun,https://dexscreener.com/solana/hyu6jcren7q2clwkb8zhthc7mezhqmovrqus8r5gjxs7,False,False,False,0.0,0.0,0.0,live|tx:43n9gJ9Tiz29|fill:0.0000198287|sell_tx:65USFRXCrAug|sell_fill:0.0000046402,v4_2026-05-13,,,,,,,,,
L9521f32,b92d5dd2,solana,GhKgRzoL7EVvxhBCS4ZpnqqQgT2WmYgzn1G9K7fJpump,ZEC,social_alert,medium,,,1.955e-05,2026-06-05 05:04:31,5,7.045e-06,2026-06-05 05:11:19,hard_stop,-3.1982,-63.96,2.535e-05,,0,,0.6,0.6,0.6,124.0,759.0,759.0,177,105,922,638,0.628,0.591,11960.22,69197.12,69197.12,0.0,19553.33,19553.33,24.5,pumpfun,https://dexscreener.com/solana/a7snxoogt5nwj5j1wxt1c9ujiubacmaafcwjfrpjb9mc,True,False,True,0.0,0.0,0.0,live|tx:44zr3rF1a8HF|fill:0.0000207654|sell_tx:2NZcXmyDaZt1|sell_fill:0.0000075523,v4_2026-05-13,,,,,,,,,
L749068f,19f570ef,solana,66f63wXhVA13vsopGTEiT6aZgeob9k6CGuUEKNvspump,USDC,social_alert,strong,,,1.668e-05,2026-06-05 03:22:43,5,7.273e-05,2026-06-05 05:25:15,trailing_stop,16.8016,336.03,0.0001242,,0,,0.6,0.8,0.74,44.55,400.0,400.0,558,301,682,344,0.65,0.665,28541.57,40489.66,40489.66,0.0,16683.22,16683.22,5.7,pumpfun,https://dexscreener.com/solana/8pqxondhvvxx1qcygmny9pbugbnlg5datibetfgsjsy1,False,False,False,0.0,0.0,0.0,live|tx:pVCp4LTg7D3E|fill:0.0000206478|sell_tx:2XqZTep4FBNv|sell_fill:0.0000718020,v4_2026-05-13,,,,,,,,,
Lc2ce1cf,842080c5,solana,2LWV5CKZazohSwPv4MePrNUu9azKhhD2GwdeytARpump,wNOT,social_alert,strong,,,1.707e-05,2026-06-05 07:17:01,5,9.288e-06,2026-06-05 07:45:33,hard_stop,-2.2794,-45.59,2.758e-05,,0,,0.6,0.8,0.74,63.51,829.0,829.0,291,147,453,203,0.664,0.691,15111.82,23643.34,23643.34,0.0,17077.78,17077.78,7.8,pumpfun,https://dexscreener.com/solana/ahxco5ss7ww17qugngtb5bqwinx3oshwci1ybzn4mggr,False,False,False,0.0,0.0,0.0,live|tx:49KhDuUUKVjS|fill:0.0000170850|sell_tx:5jUWvatLN9u2|sell_fill:0.0000109215,v4_2026-05-13,,,,,,,,,
L9c98730,48f40a2c,solana,3dh5C5gkFi9NjRe621fwbCeN7YsKudt7pRjL3F5Qpump,Opus4.8,social_alert,strong,,,1.448e-05,2026-06-05 07:50:03,5,8.431e-06,2026-06-05 07:57:23,hard_stop,-2.0887,-41.77,2.225e-05,,0,,0.5,0.8,0.71,24.58,633.0,633.0,610,419,904,630,0.593,0.589,32992.04,51022.82,51022.82,0.0,14486.55,14486.55,6.8,pumpfun,https://dexscreener.com/solana/hhigeljml2zpj7jzss3og83wf4gkj7itnbpnd7nqj5ny,False,False,False,0.0,0.0,0.0,live|tx:WoMGNQb7tFW5|fill:0.0000208856|sell_tx:4pRJqeXCVDgv|sell_fill:0.0000085684,v4_2026-05-13,,,,,,,,,
L4d732f9,4d647dd8,solana,F1ExG5fKGWiiyw5vPjqQ5phNaB2SdS3ARsbT9vQGpump,Garrett,social_alert,strong,,,1.436e-05,2026-06-05 08:09:33,5,9.079e-06,2026-06-05 08:36:33,hard_stop,-1.8388,-36.78,2.032e-05,,0,,0.5,0.8,0.71,50.49,471.0,471.0,444,295,816,547,0.601,0.599,22439.19,47011.43,47011.43,0.0,14365.02,14365.02,8.5,pumpfun,https://dexscreener.com/solana/fk3oyeswf1jcmd3xbdjso9xdyigvtjq8gpyqtfrtt7rr,False,False,False,0.0,0.0,0.0,live|tx:CmYUGA7zmesE|fill:0.0000190981,v4_2026-05-13,,,,,,,,,
L34a69bb,71d7b3ce,solana,HsBVoixEmK3wbkFpNiapBVmrUhTLnKE8fgtEdtQTpump,TOBY,social_alert,strong,,,1.531e-05,2026-06-10 17:18:29,3,1.822e-06,2026-06-10 17:21:44,hard_stop,-2.7145,-90.48,1.914735149617124e-05,,0,,0.5,0.8,0.71,381.0,381.0,381.0,239,81,239,81,0.747,0.747,14833.01,14833.01,14833.01,0.0,15313.01,15313.01,3.1,pumpfun,https://dexscreener.com/solana/88mc8mes4r8lywjt2ktyr7pphml7souqerrwlnfwqnse,False,False,False,0.0,0.0,0.0,live|tx:3cH6tnLVqEMU|fill:0.0000191474|sell_already_gone,v7_entry_filters_2026-06-06,,,,,,,,,
L1f64711,0979e6ef,solana,73rhKwAhEPfrGA7zN6QhuTJyxhtyshsChRkqSF8ipump,RICO,social_alert,strong,1.668e-05,2026-06-15 16:42:05,2.0664178629512702e-05,2026-06-15 16:42:05,3,5.472365714511973e-05,2026-06-15 16:42:29,feed_blind,4.3613,164.82,5.5179750422387636e-05,-0.35,0,,0.5,0.8,0.71,479.0,479.0,479.0,169,87,169,87,0.66,0.66,12720.67,12720.67,12720.67,0.0,16682.14,16682.14,3.4,pumpfun,https://dexscreener.com/solana/cx7nqmkmahscpymvpvip4hq1vbsezhcevxfv34yy1vyn,False,False,False,0.0,0.0,0.0,live|tx:3S8PDKBQmrrqDpkGMe5KSBdi7XPBgrBBNSyBeiDq2Q5J5edvR8bFZCYgRBxFZZFsRWjLGWrP1mkt9mriPowkSFYk|fill:0.0000206642|slip:+23.9%|sell_tx:3T6D49gPxqQAUDr4NXCGprUkyZ4FhWSDFqem5i7XxrB1oKr6kaBZPCjUPgn4a3UNNTCH46b6coRBZN5ZbhkUxuoZ|sell_fill:0.0000547237,v7_entry_filters_2026-06-06,tp_100,0.9,0.7,,e4_rt_feed_quote_gate,,,,
Lec3499a,4b641a43,solana,2PYnTCedWhvzuhfwhkoikcqH9Wo52teWCmMaqbZQpump,UK,social_alert,strong,6.428e-06,2026-06-15 17:05:33,2.3636842969205817e-05,2026-06-15 17:05:33,3,2.3636842969205817e-05,2026-06-15 17:05:43,abort_tripwire,0.0,0.0,2.3636842969205817e-05,-0.35,0,,0.5,0.8,0.71,125.0,125.0,125.0,87,51,87,51,0.63,0.63,9829.69,9829.69,9829.69,0.0,6428.38,6428.38,1.0,pumpfun,https://dexscreener.com/solana/5ll2bhhmaxvpfvwxjfssy7pn7i45gp1immetqugja8pi,False,False,False,0.0,0.0,0.0,live|tx:YuFNMHLU2YAoatX5jA2NSgms6VgHcPgJE7XHYxA9K9RxTuwcp9XjLmkVwCLfShsuerqJrPhJz6PmouT5QzWjNdp|fill:0.0000236368|abort_slip:267.7%,v7_entry_filters_2026-06-06,,0.0,1.0,,e4_rt_feed_quote_gate,,,,
Lb568bc3,161815be,solana,DXwhLWLrotWPbpEoFUYrgASkugLsiMiGtwrKTydJpump,sato,social_alert,strong,7.558e-06,2026-06-15 23:20:47,2.471216310267079e-05,2026-06-15 23:20:47,3,5.1130702984814817e-05,2026-06-15 23:21:01,reconciled_gone,3.145,106.91,5.1130702984814817e-05,-0.35,0,,0.5,0.8,0.71,243.0,243.0,243.0,112,69,112,69,0.619,0.619,6621.09,6621.09,6621.09,0.0,7558.69,7558.69,2.5,pumpfun,https://dexscreener.com/solana/6qpwkf9zl7jvwda1a22zwbttzdgb29z8xvgybnk6xwem,False,False,False,0.0,0.0,0.0,live|tx:2M2trPT1oDRtHRdxcBYP1K6uyBAZ4qXfWXoprbCgu8N7j57ysznKGpDJ9VkpqbQmGbVJsbLmNWTFGkSkf2KUx7ws|fill:0.0000247122|slip:+227.0%|sell_tx:PTsYAGR46hbUrPeta1WRq9TuQAgJwzEjouphEF5YBiRwXCqjHcMfHasgokauXwJZbN1TiZsERkjYz55SKTtEiDR|sell_fill:0.0000511307,v7_entry_filters_2026-06-06,tp_100,0.9,0.7,,e4_rt_feed_quote_gate,,,,
L10b2609,6aad616f,solana,3RdA1yEhtLAZpL3mFdNA9LiMBcuF7ay2fdz4eHKbpump,AMERICA250,social_alert,strong,1.318e-05,2026-06-16 00:53:54,1.9619715290111955e-05,2026-06-16 00:53:54,3,3.968415834378742e-05,2026-06-16 00:54:29,feed_blind,3.0476,102.27,3.968415834378742e-05,-0.35,0,,0.6,0.8,0.74,128.0,277.0,277.0,53,24,63,28,0.688,0.692,8274.72,9925.5,9925.5,0.0,13180.39,13180.39,6.5,pumpfun,https://dexscreener.com/solana/go3bqkjwbxtarmzeoslecvryjkkxsgdvjhvvykbsh9b1,False,False,False,0.0,0.0,0.0,live|tx:5TTgBcy6d6jed9fVZLkaHkQWmSedt798iwYDAu4HvSCGctCoWp3WJds4JPkPHWL3necogsrb8rAZ7cKdaCndWSQj|fill:0.0000196197|slip:+48.9%|sell_tx:5A7ynSaUpmCkaxdM5JhF3JM8NbCHmR9Q8ha3ctDdYPmsRydB5PczhbgTiQ5VntnMPXErN4P4pneRatrmGG4cX6LE|sell_fill:0.0000396842,v7_entry_filters_2026-06-06,tp_100,0.9,0.7,,e4_rt_feed_quote_gate,,,,
L0ff25cd,4668e994,solana,Gr6Cwtwp3Yo6qszk2Jhk5g3AcQb9UkFxyDJeoh1epump,Chester,social_alert,strong,7.607e-06,2026-06-16 13:46:38,2.3873428279647203e-05,2026-06-16 13:46:38,3,3.304671681673505e-05,2026-06-16 13:46:56,trailing_stop,1.7069,38.42,5.730919049393929e-05,-0.35,0,,0.5,0.8,0.71,199.0,199.0,199.0,44,20,44,20,0.688,0.688,4675.89,4675.89,4675.89,0.0,7607.12,7607.12,0.7,pumpfun,https://dexscreener.com/solana/2gfqiwcixcjfsfu92cs6ag5yq4yuv7f8wbbbrdbgknhc,False,False,False,0.0,0.0,0.0,live|tx:LKECHRM6JuaNTxn3NQPNadEw2ZXyLz4FgkSLbkfxEaphp5hp3VvAuzQbjDUJdTKULGVrGtreRm6TYLUUxMMn94p|fill:0.0000238734|slip:+213.8%|cohort:graduated|sell_tx:2F9TzeqZ8L3WNdYHxj1Gt9FPAN7879QuhZSRZuLqjpetTPrC5JCrUoTrSz2jczr5prm2LQcyV2jYiASeJZywv4GH|sell_fill:0.0000330467,v7_entry_filters_2026-06-06,tp_100,0.9,0.7,,e4_rt_feed_quote_gate,,,,
Lecfe128,b3f6ff2d,solana,ENFj7PgnA15bhmnRP47NcWtMKoSiRXjGo5kFMkCopump,Origin,social_alert,strong,6.255e-06,2026-06-16 17:04:55,1.9745350244181685e-05,2026-06-16 17:04:55,3,4.508914277911301e-05,2026-06-16 17:05:21,feed_blind,3.5954,128.35,4.508914277911301e-05,-0.35,0,,0.5,0.8,0.71,124.0,124.0,124.0,20,7,20,7,0.741,0.741,2165.67,2165.67,2165.67,0.0,6255.47,6255.47,0.6,pumpfun,https://dexscreener.com/solana/4fv3jblt5cznyxxnjhbj2yyijwuj6zv8k9cx3wwpjwn4,False,False,False,0.0,0.0,0.0,live|tx:3SXbADBirManAmjzPznNfBTaeiY453ooLuK2BnR627bkNFJCDrbxwwRz6VSU57UeviniM6DT1aLwyeKSRdBCRs6m|fill:0.0000197454|slip:+215.7%|cohort:graduated|sell_tx:4TrWdmJPDzoctpwvQ7fNJTqcBH9GxeagEXeDr64tjjyMxsdSFoh2SgLTwAsGY4G2hBKERdjRcp4bNEzv7ne37jMp|sell_fill:0.0000450891,v7_entry_filters_2026-06-06,tp_100,0.9,0.7,,e4_rt_feed_quote_gate,,,,
L4418b2c,90fbcefe,solana,5t6wLCSzrdrmnnk5qSL2tQAtXXxFxFieK53uqBYwpump,SOLANA,social_alert,strong,1.273e-05,2026-06-16 17:08:10,2.6939409902101544e-05,2026-06-16 17:08:10,3,2.935e-05,2026-06-16 17:10:12,trailing_stop,0.2684,8.95,4.898e-05,-0.35,0,,0.5,0.8,0.71,384.0,384.0,384.0,84,43,84,43,0.661,0.661,9563.9,9563.9,9563.9,0.0,12734.09,12734.09,0.7,pumpfun,https://dexscreener.com/solana/2qypfpw8pnd3e4spxkgvqymgdf9gn5eiffsbc5gmffzc,False,False,False,0.0,0.0,0.0,"live|tx:6748zvHQvLTyGVnVC56Jtd35MZFETbwaBSeYYjF9uB3M4jZDFuhw7Zi7J4eFetrKzpZaQvXh1yChmQa7D3k5VDBT|fill:0.0000269394|slip:+111.6%|cohort:graduated|sell_failed(attempt 1)|sell_pending|sell_tx:5n83nktmELw4KLqNMuNhouKMsr7tGZtqMHzFHowRNm5At4yyj9tF8Yu1fvoxCxT8vgUkC2fG1Z5LsUyZeSZ3mZbP|sell_fill:0.0000293500|sell_step:4|all_sigs:4hsLpzbeWCR694rCoKtQwAtvS6K4TdzdRHkWfYvXwvW35HyqvAGQhPHWDzfwTKyBat63Ru2PuWqrxmkwYbF3qgYX,3zLkna1mvPAwvgRmZd5Mj1bx3viqHg7FqB77Bi3QBxy4cSAY5AG9TmUfcjmdvAmEL1xPV8RZnZ8yLUeZQr1Jew9A,3wrevhJWiqPR7ZcHctDPhT6TQsht3VjGWDaYRxUeCjyf3y41KqjZwzWZ6cXDyFzShQVfziwJ24j8Swf5SKvdY4LV,5n83nktmELw4KLqNMuNhouKMsr7tGZtqMHzFHowRNm5At4yyj9tF8Yu1fvoxCxT8vgUkC2fG1Z5LsUyZeSZ3mZbP",v7_entry_filters_2026-06-06,,0.0,1.0,,e4_rt_feed_quote_gate,,,,
L0e92852,b8d333b8,solana,9rNQ5oCh5Ujb3NkkhLUA5kGDbgYV5qB4JjT5gsnMpump,WHATIF,social_alert,strong,1.438e-05,2026-06-16 19:09:02,2.333036981726719e-05,2026-06-16 19:09:02,3,3.80861161999697e-05,2026-06-16 19:09:21,trailing_stop,2.2282,63.25,5.3872518582549924e-05,-0.35,0,,0.5,0.8,0.71,478.0,478.0,478.0,193,101,193,101,0.656,0.656,12982.12,12982.12,12982.12,0.0,14389.71,14389.71,1.3,pumpfun,https://dexscreener.com/solana/j2owtnn2micbusjj95bcnhbfdvq7g5czvypbhzenykmg,False,False,False,0.0,0.0,0.0,live|tx:RYwCamfQmPYvBHJqcQqi1FKH8zGoYPuu6ebKxF3mhq4nVgcRCupx5mMSBihZf5szMRjxF5dWMhHFR1bFXNhgs8y|fill:0.0000233304|slip:+62.2%|cohort:graduated|sell_tx:48oXD4NG7drMZCndqGatGgLZVtXY3XNbR9KbwxseS9aCpGj4vgy28Jd2JCUtEcZSKbFFccMEhJMifbnK1CKiFbGN|sell_fill:0.0000380861,v7_entry_filters_2026-06-06,tp_100,0.9,0.7,,e4_rt_feed_quote_gate,,,,
Ld8b3580,ebaeb644,solana,6fvsrsyi3pJxo2rdwN8dzVndqPwRpkEovZDNS9mupump,Oggie,social_alert,strong,1.163e-05,2026-06-16 21:25:04,2.4732265345258508e-05,2026-06-16 21:25:04,3,5.1394169572715505e-05,2026-06-16 21:25:38,feed_blind,3.1638,107.8,5.5740027974121424e-05,-0.35,0,,0.5,0.8,0.71,365.0,365.0,365.0,171,113,171,113,0.602,0.602,11844.7,11844.7,11844.7,0.0,11632.46,11632.46,2.4,pumpfun,https://dexscreener.com/solana/6odapn6emuqbgzyspwswz6e4xd2dbbkzq9tpf8jtegap,False,False,False,0.0,0.0,0.0,live|tx:4vJDRQPu38XpDnF9qnr18axCffKjL5Lnw3fVFh7uFwP8vBm2KYwtDqTsEbXj34rdfGGYgu1Mpisg2FiniGZ5DxgR|fill:0.0000247323|slip:+112.7%|cohort:graduated|sell_tx:2Q1fJEvj72Cdiq1NDimUG86vy8iZ6e5ZSHrpqsMUpmf1AaTx3R75AYWdza46DTWxce4hV982EdpzuW7Lmmqi67bk|sell_fill:0.0000513942,v7_entry_filters_2026-06-06,tp_100,0.9,0.7,,e4_rt_feed_quote_gate,,,,
Ld7c5f02,c6522e49,solana,3QwSbYMieVftAJr4SHJBwQUcXP4KgErpdHYKgR59pump,PIP,social_alert,strong,1.593e-05,2026-06-16 23:14:16,2.276183193410041e-05,2026-06-16 23:14:16,6,2.5117883713458307e-05,2026-06-16 23:14:42,feed_blind,2.2347,10.35,6.390105821975395e-05,-0.35,0,,0.6,0.8,0.74,112.0,545.0,545.0,263,129,389,205,0.671,0.655,9625.85,16456.19,16456.19,0.0,15933.84,15933.84,6.6,pumpfun,https://dexscreener.com/solana/hejraayqk7xlxtmwy4jfhrpxjtnyigmg4jtmxaw4mtz4,False,False,False,0.0,0.0,0.0,live|tx:5JrSwCGq6WhRQoyHxkfDhAgpSbgcBFQm4omoJydtMfcKWhzVZBiiB7ZVqLeYf3cSfpCkfEMdMNWibDMa2DX9kqpm|fill:0.0000227618|slip:+42.9%|cohort:graduated|sell_tx:1j3GU5yDZjAsgvF4wFwhi8T2teC2MeUXrwri98S9zzgJX4WTJ4Whk92SAEUHtxkh1R7JQpLPKWvbAL7dahd3fXG|sell_fill:0.0000251179|sell_step:4,v7_entry_filters_2026-06-06,tp_100,1.8,0.7,,e4_rt_feed_quote_gate,,,,
L5644f9b,e4f47b01,solana,DqDmVTbkns5svvWWE3r6nYPCouoHLdpikqyf1sBDpump,CRAFT,social_alert,strong,1.966e-05,2026-06-17 15:03:19,2.7352313743032803e-05,2026-06-17 15:03:19,6,2.133142068005838e-05,2026-06-17 15:03:41,feed_blind,0.8755,-22.01,6.057646306595532e-05,-0.35,0,,0.5,0.8,0.71,335.0,335.0,335.0,126,59,126,59,0.681,0.681,12406.43,12406.43,12406.43,0.0,19662.71,19662.71,4.2,pumpfun,https://dexscreener.com/solana/32cxseafeodqsbn1xvu9jwt4qhqtwoabntozggibkfkm,False,False,False,0.0,0.0,0.0,live|tx:46fGmUgVnxMRLScXaWqJP7DnAWVmADmsbte5XCKAwp8FkEio6SLpDzkrv83pNcDr5xRX7P376tgb6ztknZZF1Kcv|fill:0.0000273523|slip:+39.1%|cohort:graduated|sell_tx:3688kuHutQbt3p2C2ZdeSQLsP1ACgCBHf3vLWiMNafyMNk7yEKja4bKSRP4vMnozsHVKPQ2QNKcsmtsHVQyUds5F|sell_fill:0.0000213314|sell_step:4,v7_entry_filters_2026-06-06,tp_100,1.8,0.7,,e4_rt_feed_quote_gate,,,,
Lf36c07f,40dd9f3e,solana,3MuboDr1XiSNVz4UuqQEV1eNyFpDxikK3g3eEdPLpump,NUT,social_alert,medium,2.514e-05,2026-06-17 19:57:32,2.4233803907362476e-05,2026-06-17 19:57:32,6,1.171810223094706e-05,2026-06-17 19:59:34,hard_stop,-3.0987,-51.65,2.887e-05,-0.35,0,,0.7,0.6,0.63,65.87,1035.0,1035.0,105,82,297,187,0.561,0.614,6827.2,17788.58,17788.58,0.0,25142.97,25142.97,27.5,pumpfun,https://dexscreener.com/solana/4rjl6ftq5t68vtbl8nenbuibkcav9pqqff8n6yu5lcnh,True,False,True,0.0,0.0,0.0,live|tx:2b8oRJ1MzaGfKmfL136TAppLyxo7N6VEYhRymNjW2RbECrUwtxgS9nGpmACcSvnjnFcmUsaYJEGXtXFLLsZ9AuHo|fill:0.0000242338|slip:-3.6%|cohort:graduated|sell_tx:cmuxSNSt4SaEKC6PNAw13wpHFhWeFS3j55mKKPBtkvCntSytLPufK8151eQqec64avU4Wz3RYwXhE2S7wbxc1V2|sell_fill:0.0000117181|sell_step:4,v7_entry_filters_2026-06-06,,0.0,1.0,,e4_rt_feed_quote_gate,,,,
L0a14983,d13eef0a,solana,3XhQa9baZzP9CVHBSnryqUSwJsiS2RiYozNT1kEYpump,Cheetah,social_alert,strong,1.827e-05,2026-06-18 00:51:55,2.498780551074266e-05,2026-06-18 00:51:55,6,2.3665263362928997e-05,2026-06-18 00:52:18,feed_blind,1.5777,-5.29,6.331040317585997e-05,-0.35,0,,0.6,0.8,0.74,487.0,694.0,694.0,180,101,221,134,0.641,0.623,13230.21,18268.87,18268.87,0.0,18273.59,18273.59,9.7,pumpfun,https://dexscreener.com/solana/c8rvj9xjlr8tq8d2px3aoyujyl48qbvqynkygk4iswzr,False,False,False,0.0,0.0,0.0,live|tx:3DYAaqEatRAMXvZbiBoCj37MpBZ82vyF5hYEQXjKcLeEyQR5oTntsvggzuBkSwBpeKB8wqrnDGEfeqP86Wspy6ab|fill:0.0000249878|slip:+36.8%|cohort:graduated|sell_tx:2UQZ8BFVSsqhAi2ahKgoWu1JqbiKuLy84szL3FaEmmf3hVwYjzryxnU21hL2338HLoqUotKtGHogRARDYRTHU5sg|sell_fill:0.0000236653|sell_step:4,v7_entry_filters_2026-06-06,tp_100,1.8,0.7,,e4_rt_feed_quote_gate,,,,
La4346ec,d082b81d,solana,9h66V2NiHU3PpviwceSg4KZ7xqStLTDej58o5pdhpump,Vort,social_alert,strong,1.176e-05,2026-06-18 15:36:17,1.8916838944609857e-05,2026-06-18 15:36:17,6,1.3883281514827321e-05,2026-06-18 15:36:49,feed_blind,0.6824,-26.61,4.3630283208158755e-05,-0.35,0,,0.5,0.8,0.71,447.0,447.0,447.0,134,44,134,44,0.753,0.753,4618.04,4618.04,4618.04,0.0,11763.45,11763.45,4.0,pumpfun,https://dexscreener.com/solana/b8eulw6cyxtjeugtvitulxmsbf7d9tekmzk7grupmnxr,False,False,False,0.0,0.0,0.0,live|tx:53L3cwL2aeofYoRTfQ6CsoHz2HL9gMtXtPb6V4qe2nBSi4uf9zCv33iNvNWgb43hALBhUcptpEATQPtAjyrN9tfD|fill:0.0000189168|slip:+60.9%|cohort:graduated|sell_tx:5GUjXvdWM9WCaET5MdArrd4X6sGitHMpSyokRQJMFcc9fKjXBQCrN21j3Ud1xc9CJJkT4VExBvYGJdi3deJfYhnP|sell_fill:0.0000138833|sell_step:4,v7_entry_filters_2026-06-06,tp_100,1.8,0.7,,e4_rt_feed_quote_gate,,,,
L0b06908,663d0a65,solana,5zzyWdaoEvQd9zLJK76J8ww8EexVrV1ti8ZZBac4pump,10000X,social_alert,strong,1.397e-05,2026-06-18 20:00:12,1.4323285906939159e-05,2026-06-18 20:00:12,6,9.401350397111635e-06,2026-06-18 20:00:55,feed_blind,0.3567,-34.36,3.2955194399359944e-05,-0.35,0,,0.5,0.8,0.71,183.0,183.0,183.0,57,34,57,34,0.626,0.626,5912.88,5912.88,5912.88,0.0,13978.41,13978.41,1.5,pumpfun,https://dexscreener.com/solana/gl2uzu5nttaqcrbe8hymzoppbrrsvwsyjbfygprm8vyb,False,False,False,0.0,0.0,0.0,live|tx:486MCuE1cUnvnm4JFF5YGN7gdoGNkYj1kxTMjebzRbQFHmn3SPrmdjiUDdVDX5ZiAyVwQoEvMDUmtxzczK9vcgfZ|fill:0.0000143233|slip:+2.5%|cohort:graduated|sell_tx:5gY75ZnBG1dAwfXHHc4LiZ8tVBmMKXk5ADp4P263wfmkYmR5EuzL262HkGdydQK9dxNDSf1fp5yCD5RbAH4i2NmC|sell_fill:0.0000094014|sell_step:4,v7_entry_filters_2026-06-06,tp_100,1.8,0.7,,e4_rt_feed_quote_gate,,,,
Lc3b8228,e2472a94,solana,BmNASdTTgXc1AhvMqFiPBKp3kwrPeHchn7LbbWeSpump,COLLECTABLE,social_alert,strong,1.05e-05,2026-06-19 14:54:25,2.6066557458955598e-05,2026-06-19 14:54:25,6,2.6066557458955598e-05,2026-06-19 14:54:47,abort_tripwire,0.0,0.0,2.6066557458955598e-05,-0.35,0,,0.5,0.8,0.71,346.0,346.0,346.0,130,52,130,52,0.714,0.714,8900.15,8900.15,8900.15,0.0,10506.06,10506.06,0.8,pumpfun,https://dexscreener.com/solana/ahmvahtmcj2amqrt4nwn57ybyjlqgvkevfhz9tbl7z1p,False,False,False,0.0,0.0,0.0,live|tx:2q2qHpua9keYZHBHygTVERqyGBivWGz9i1VdXgLHSYWZdbS9HgdE5Sy8KqinZQikCmQUVpTXmGz23K2Wie9ggnsS|fill:0.0000260666|abort_slip:148.3%vssignal|sell_tx:4tqcVeagPy1oQKgkzGhwR91so4JFq31E5f3wxUPwkgw3STVMnm28qb96JRdEmRyPiWKWSBTM6A76HJmdkH49i8bH,v7_entry_filters_2026-06-06,,0.0,1.0,,e4_rt_feed_quote_gate,,,,
L310f519,2b62d60a,solana,8oGoTGPstdxKqe7EHUsboWbz4rbkaPG4FFX38CKbpump,Cuakssant,social_alert,strong,1.101e-05,2026-06-19 16:54:30,1.9252211423965976e-05,2026-06-19 16:54:30,6,1.204e-05,2026-06-19 16:54:56,trailing_stop,0.2266,-37.46,4.450407026863301e-05,-0.35,0,,0.5,0.8,0.71,371.0,371.0,371.0,217,142,217,142,0.604,0.604,14189.4,14189.4,14189.4,0.0,11017.71,11017.71,1.5,pumpfun,https://dexscreener.com/solana/ajvqkpf25l9mmarsvr2wcqakfxxtcylcxbkgy6uxsq7f,False,False,False,0.0,0.0,0.0,live|tx:5XDrX8ebpHuRDKC3REzyau3DwvfK4PLHcAKmcPqQ8rx76VkMBALJJTFSZZzH3Cg4meTNUTPtLjvvoz2vab2dgMUU|fill:0.0000192522|slip:+74.9%|cohort:graduated|sell_tx:5rHyYxkLECDsHL2PQUrbbTpKa25vtSBqYs3rso2MWxyd4JzuaTFugFDo3A7nBxbTKe4gvP9uiM621fcK8rirAJWw|sell_fill:0.0000120400|sell_step:2,v7_entry_filters_2026-06-06,tp_100,1.8,0.7,,e4_rt_feed_quote_gate,,,,
L8297816,45a7d348,solana,srHnpwL78KG6dQgVKo3ecThYR7zswubVNKkZ4nXpump,WHEN,social_alert,medium,1.729e-05,2026-06-23 00:02:33,2.082827703751571e-05,2026-06-23 00:02:33,3,1.1282646057404719e-05,2026-06-23 00:06:08,hard_stop,-1.3749,-45.83,2.082827703751571e-05,-0.35,0,,0.6,0.8,0.74,10.8,608.0,608.0,365,225,1074,707,0.619,0.603,13591.9,51901.5,51901.5,0.0,17297.65,17297.65,11.5,pumpfun,https://dexscreener.com/solana/glpk9x62vj4khskxhn2bxxmqswrtkha4s6qbvan2gqir,False,False,False,0.0,0.0,0.0,live|tx:592nCSyHm353zNt2tqBg8VWFphRKgiVdM15SVVvEz58cEssaUP3JRHR16ADbiA4CxLUzcD7qeW86j886M5B5VqVP|fill:0.0000208283|cohort:graduated|sell_tx:5Tzb1jEpmTT7U9V7s4aA1ZYGshUhPcHSnmXNvzcAFV8pqJS3iogChHSSvwaoNXan7DrCuPR3bwf5vBkEyUManTcL|sell_fill:0.0000112826|sell_step:2,v7_entry_filters_2026-06-06,,0.0,1.0,,e4_rt_feed_quote_gate,,,,
L9797e2d,603c3eaa,solana,2dGd4bRL4KVXfAu4dWxoXeFsJ24prZvs8WJ67HuXpump,HITTIN,social_alert,medium,4.947e-06,2026-06-27 23:19:49,5.655630896627103e-06,2026-06-27 23:19:49,3,1.6670270153837753e-06,2026-06-27 23:22:57,sell_stuck_retry,-2.1157,-70.52,5.655630896627103e-06,-0.35,0,,0.55,0.6,0.585,-11.0,94.04,94.04,73,56,1083,1001,0.566,0.52,4519.26,90590.82,90590.82,0.0,4947.55,4947.55,23.8,pumpfun,https://dexscreener.com/solana/fbhkvfjukngkgzwsp2pujvvuxtvxr1tdx7mtz8ywhrak,True,False,False,0.0,0.0,0.0,live|tx:3MrtrVEWwjwQgfoFKbVTtUKjsHy9KkUMLYu9ZmeF7bHKWqQ8rsWgbYLa2LfkZLR2c5PB97aRgQyksyNohc68rZGi|fill:0.0000056556|slip:+14.3%|cohort:graduated|exit_state:MIGRATION_UNCERTAIN|graduated_unsellable|exit_state:MIGRATION_UNCERTAIN|sell_tx:4cQMynPC3GBr1AkZNbgC3ScnpTVQ6AABvmmMkwod6RuvkKSZ9atQwUr7TvFLrjmxKKpKQxVsotJipGMuHMBLTtFx|sell_fill:0.0000016670|sell_step:2,v7_entry_filters_2026-06-06,,0.0,1.0,,e4_rt_feed_quote_gate,,,,
L04377fb,d87bf8ad,solana,3Nn53d4XqrnuGVGoqKY92XXNBgKaFsz82kgPEG43pump,Bullsack,social_alert,medium,2.249e-05,2026-06-30 00:32:31,2.8837412446173096e-05,2026-06-30 00:32:31,3,2.95e-05,2026-06-30 00:37:46,sell_stuck_retry,0.0689,2.3,2.95e-05,-0.35,0,,0.6,0.8,0.74,132.0,789.0,789.0,338,190,643,394,0.64,0.62,19165.9,37485.64,37485.64,0.0,22499.91,22499.91,11.1,pumpfun,https://dexscreener.com/solana/gwdq39ppa9unkvbrdtjm7fpnijcvva8ahpcc1pmt6ocj,False,False,False,0.0,0.0,0.0,live|tx:2wpr6564kZdfBs9A8tT4arDEczuRz9nGeMBWkNy8NbzvPf4gShH8K3yyyUABk28AYoixEaeU7YUEnDHbjp6vHGrY|fill:0.0000288374|slip:+28.2%|cohort:graduated|canary_cap:3|exit_state:MIGRATION_UNCERTAIN|exit_route:PUMPSWAP_LOCAL|sim_err:pumpswap_bad_pool_layout|graduated_unsellable|exit_state:MIGRATION_UNCERTAIN|exit_route:PUMPSWAP_LOCAL|sim_err:pumpswap_bad_pool_layout,v7_entry_filters_2026-06-06,,0.0,1.0,,e4_rt_feed_quote_gate,,,,
Lc47df29,219f70bd,solana,GXg7u9xbci4sC1PG42XxHFWmfTdgSNcq2XRWufCUpump,Beginner,social_alert,strong,9.665e-06,2026-07-05 00:14:13,2.7924423083845528e-05,2026-07-05 00:14:13,3,0.0,2026-07-05 00:19:02,jupiter_rescue,0.841,28.03,2.7924423083845528e-05,-0.35,0,,0.5,0.8,0.71,312.0,312.0,312.0,127,68,127,68,0.651,0.651,9588.34,9588.34,9588.34,0.0,9665.7,9665.7,0.9,pumpfun,https://dexscreener.com/solana/aynrrc7rrrsu4pm9vkvmup3huuyjgedfwt8vg2ya8ixe,False,False,False,0.0,0.0,0.0,live|tx:5Q8PRMkzyLNLBtgXNBRd6tSYGEQ4trL34MUZPWqWNQD3DJKMg7gdjqbuXkW6qbmxzQn2ryeviNEauum6GALY2FQY|fill:0.0000279244|slip:+188.9%|cohort:graduated|canary_cap:3|rescue_suppressed_bc:1783210576||rescue_suppressed_bc:1783210577||rescue_suppressed_bc:1783210580||rescue_suppressed_bc:1783210584||rescue_suppressed_bc:1783210584||rescue_suppressed_bc:1783210587||rescue_suppressed_bc:1783210591||rescue_suppressed_bc:1783210592||rescue_suppressed_bc:1783210594||rescue_suppressed_bc:1783210598||rescue_suppressed_bc:1783210599||rescue_suppressed_bc:1783210601||rescue_suppressed_bc:1783210615||rescue_suppressed_bc:1783210622||rescue_suppressed_bc:1783210707||rescue_suppressed_bc:1783210715||rescue_suppressed_bc:1783210722||migration_wait|migration_uncertain_ts:1783210729|jupiter_rescue_pending:BT8RCo6a8sYpiKyfWnmPagqT7C5cDmm3dZ3bBLNhUu2KpFJTar4zb1DKnbGZQn51j5ehkobZ6pMfcgvpRZnucp4:1783210740|sell_tx:BT8RCo6a8sYpiKyfWnmPagqT7C5cDmm3dZ3bBLNhUu2KpFJTar4zb1DKnbGZQn51j5ehkobZ6pMfcgvpRZnucp4|route:JUPITER_RESCUE|sol_received:0.047140|journal_reconciled:BT8RCo6a,v7_entry_filters_2026-06-06,,0.0,1.0,,e4_rt_feed_quote_gate,,,,
L872f3a7,880bf17d,solana,2dbPYPwi1LKgGpmksBUEFkptyeHRyJpKw58Xhvvypump,LEAN,social_alert,strong,1.611e-05,2026-07-05 02:01:42,2.8476791364268372e-05,2026-07-05 02:01:42,3,3.4689511567521348e-06,2026-07-05 02:29:43,hard_stop,-2.6345,-87.82,2.8476791364268372e-05,-0.35,0,,0.6,0.8,0.74,58.16,489.0,489.0,309,183,422,224,0.628,0.653,19305.75,26937.57,26937.57,0.0,16110.27,16110.27,6.7,pumpfun,https://dexscreener.com/solana/bwtwlosacw8cothhcpxqrbi3irr4t5rxmguekk2mvvzi,False,False,False,0.0,0.0,0.0,live|tx:3m8sotJc9HZWoQhWkH6Uc4kWJjkzR2qz79xhKNWAL5u8c3K146qAKSUMh8F7NWJowZk1MxTXC7GexXgecqsw2LA4|fill:0.0000284768|slip:+76.8%|cohort:bonding_curve|canary_cap:3|exit_state:MIGRATION_UNCERTAIN|exit_route:PUMPSWAP_LOCAL|migration_wait|migration_uncertain_ts:1783217043|exit_state:MIGRATION_UNCERTAIN|exit_route:PUMPSWAP_LOCAL|exit_state:MIGRATION_UNCERTAIN|exit_route:PUMPSWAP_LOCAL|exit_state:MIGRATION_UNCERTAIN|exit_route:PUMPSWAP_LOCAL|exit_state:MIGRATION_UNCERTAIN|exit_route:PUMPSWAP_LOCAL|exit_state:MIGRATION_UNCERTAIN|exit_route:PUMPSWAP_LOCAL|exit_state:MIGRATION_UNCERTAIN|exit_route:PUMPSWAP_LOCAL|exit_state:MIGRATION_UNCERTAIN|exit_route:PUMPSWAP_LOCAL|exit_state:MIGRATION_UNCERTAIN|exit_route:PUMPSWAP_LOCAL|exit_state:MIGRATION_UNCERTAIN|exit_route:PUMPSWAP_LOCAL|migration_manual_alerted|exit_state:MIGRATION_UNCERTAIN|exit_route:PUMPSWAP_LOCAL|exit_state:MIGRATION_UNCERTAIN|exit_route:PUMPSWAP_LOCAL|exit_state:MIGRATION_UNCERTAIN|exit_route:PUMPSWAP_LOCAL|exit_state:MIGRATION_UNCERTAIN|exit_route:PUMPSWAP_LOCAL|exit_state:MIGRATION_UNCERTAIN|exit_route:PUMPSWAP_LOCAL|exit_state:MIGRATION_UNCERTAIN|exit_route:PUMPSWAP_LOCAL|exit_state:MIGRATION_UNCERTAIN|exit_route:PUMPSWAP_LOCAL|exit_state:MIGRATION_UNCERTAIN|exit_route:PUMPSWAP_LOCAL|exit_state:MIGRATION_UNCERTAIN|exit_route:PUMPSWAP_LOCAL|exit_state:MIGRATION_UNCERTAIN|exit_route:PUMPSWAP_LOCAL|exit_state:MIGRATION_UNCERTAIN|exit_route:PUMPSWAP_LOCAL|exit_state:MIGRATION_UNCERTAIN|exit_route:PUMPSWAP_LOCAL|exit_state:MIGRATION_UNCERTAIN|exit_route:PUMPSWAP_LOCAL|exit_state:MIGRATION_UNCERTAIN|exit_route:PUMPSWAP_LOCAL|exit_state:MIGRATION_UNCERTAIN|exit_route:PUMPSWAP_LOCAL|exit_state:MIGRATION_UNCERTAIN|sell_tx:5mqkMBkcWjfZszMJzeYn9XVEGnMhNuBqXsj3nbEvRAhLk3hJmTh7Jzb8THe7ytDDutXvnPYdqra8uqjMZQwtHvQh|sell_fill:0.0000034690,v7_entry_filters_2026-06-06,,0.0,1.0,,e4_rt_feed_quote_gate,,,,
L1463e51,af70c7e1,solana,7YhDH6qgamcEXdZE4intFuuLxNeqZDfqj43BY5YJpump,WLA,social_alert,strong,1.958e-05,2026-07-05 01:43:46,2.5910271189746407e-05,2026-07-05 01:43:46,3,0.0,2026-07-05 02:35:39,graduated_loss,-3.0,-100.0,2.5910271189746407e-05,-0.35,0,,0.65,0.8,0.755,29.05,229.0,229.0,342,215,668,445,0.614,0.6,20993.73,49032.75,49032.75,0.0,19584.85,19584.85,9.0,pumpfun,https://dexscreener.com/solana/gqzgul9vv42zxvt5hzsrvdqzc7dd8pa2qwj58nxrs7ty,True,False,False,0.0,0.0,0.0,live|tx:38hTUkjRMs8qsG4AUiU5jW6yUNHBpn3mS8f92AD13b5pD5PpCQspS3vBYfNyhnGm7c6RGg4ishvXrH6BTCDRKr7u|fill:0.0000259103|slip:+32.3%|cohort:bonding_curve|canary_cap:3|rescue_suppressed_bc:1783215973||rescue_suppressed_bc:1783215974||rescue_suppressed_bc:1783215976||rescue_suppressed_bc:1783215981||rescue_suppressed_bc:1783215981||rescue_suppressed_bc:1783215984||rescue_suppressed_bc:1783215988||rescue_suppressed_bc:1783215989||exit_state:MIGRATION_UNCERTAIN|exit_route:PUMPSWAP_LOCAL|migration_wait|migration_uncertain_ts:1783215991|exit_state:MIGRATION_UNCERTAIN|exit_route:PUMPSWAP_LOCAL|exit_state:MIGRATION_UNCERTAIN|exit_route:PUMPSWAP_LOCAL|exit_state:MIGRATION_UNCERTAIN|exit_route:PUMPSWAP_LOCAL|exit_state:MIGRATION_UNCERTAIN|exit_route:PUMPSWAP_LOCAL|exit_state:MIGRATION_UNCERTAIN|exit_route:PUMPSWAP_LOCAL|exit_state:MIGRATION_UNCERTAIN|exit_route:PUMPSWAP_LOCAL|exit_state:MIGRATION_UNCERTAIN|exit_route:PUMPSWAP_LOCAL|exit_state:MIGRATION_UNCERTAIN|exit_route:PUMPSWAP_LOCAL|exit_state:MIGRATION_UNCERTAIN|exit_route:PUMPSWAP_LOCAL|migration_manual_alerted|exit_state:MIGRATION_UNCERTAIN|exit_route:PUMPSWAP_LOCAL|exit_state:MIGRATION_UNCERTAIN|exit_route:PUMPSWAP_LOCAL|exit_state:MIGRATION_UNCERTAIN|exit_route:PUMPSWAP_LOCAL|exit_state:MIGRATION_UNCERTAIN|exit_route:PUMPSWAP_LOCAL|exit_state:MIGRATION_UNCERTAIN|exit_route:PUMPSWAP_LOCAL|exit_state:MIGRATION_UNCERTAIN|exit_route:PUMPSWAP_LOCAL|exit_state:MIGRATION_UNCERTAIN|exit_route:PUMPSWAP_LOCAL|exit_state:MIGRATION_UNCERTAIN|exit_route:PUMPSWAP_LOCAL|exit_state:MIGRATION_UNCERTAIN|exit_route:PUMPSWAP_LOCAL|exit_state:MIGRATION_UNCERTAIN|exit_route:PUMPSWAP_LOCAL|exit_state:MIGRATION_UNCERTAIN|exit_route:PUMPSWAP_LOCAL|exit_state:MIGRATION_UNCERTAIN|exit_route:PUMPSWAP_LOCAL|exit_state:MIGRATION_UNCERTAIN|exit_route:PUMPSWAP_LOCAL|exit_state:MIGRATION_UNCERTAIN|exit_route:PUMPSWAP_LOCAL|exit_state:MIGRATION_UNCERTAIN|exit_route:PUMPSWAP_LOCAL|exit_state:MIGRATION_UNCERTAIN|exit_route:PUMPSWAP_LOCAL|exit_state:MIGRATION_UNCERTAIN|exit_route:PUMPSWAP_LOCAL|exit_state:MIGRATION_UNCERTAIN|exit_route:PUMPSWAP_LOCAL|exit_state:MIGRATION_UNCERTAIN|exit_route:PUMPSWAP_LOCAL|exit_state:MIGRATION_UNCERTAIN|exit_route:PUMPSWAP_LOCAL|exit_state:MIGRATION_UNCERTAIN|exit_route:PUMPSWAP_LOCAL|exit_state:MIGRATION_UNCERTAIN|exit_route:PUMPSWAP_LOCAL|exit_state:MIGRATION_UNCERTAIN|exit_route:PUMPSWAP_LOCAL|exit_state:MIGRATION_UNCERTAIN|exit_route:PUMPSWAP_LOCAL|exit_state:MIGRATION_UNCERTAIN|exit_route:PUMPSWAP_LOCAL|exit_state:MIGRATION_UNCERTAIN|exit_route:PUMPSWAP_LOCAL|exit_state:MIGRATION_UNCERTAIN|exit_route:PUMPSWAP_LOCAL|exit_state:MIGRATION_UNCERTAIN|exit_route:PUMPSWAP_LOCAL|exit_state:MIGRATION_UNCERTAIN|exit_route:PUMPSWAP_LOCAL|exit_state:MIGRATION_UNCERTAIN|exit_route:PUMPSWAP_LOCAL|exit_state:MIGRATION_UNCERTAIN|exit_route:PUMPSWAP_LOCAL|exit_state:MIGRATION_UNCERTAIN|exit_route:PUMPSWAP_LOCAL|exit_state:MIGRATION_UNCERTAIN|exit_route:PUMPSWAP_LOCAL|exit_state:MIGRATION_UNCERTAIN|sell_failed(attempt 1)|sell_pending|exit_state:MIGRATION_UNCERTAIN|graduated_unsellable|exit_state:MIGRATION_UNCERTAIN|sell_failed(attempt 1)|exit_state:MIGRATION_UNCERTAIN|exit_state:MIGRATION_UNCERTAIN|sell_unconf:4aPtMHxZGRDig9okDN4YU7mEsi7cVD2pPc8YhoNUxntGgWhxn8LD1P1Pw53g2Sm4npPPsZqjR2qXWaUMVXGQgGGa(attempt 1)|exit_state:MIGRATION_UNCERTAIN|exit_state:MIGRATION_UNCERTAIN|sell_unconf:3Nor9w2v6Xa9hpngEMghJgGsnA7vGV6gvzDL2a31kiE1AiQ2aG2Y9dQ2ZUat1UbGsvtbv2cb7qev592UMgeVwrTx(attempt 1)|exit_state:MIGRATION_UNCERTAIN|graduated_loss_after_3_retries|reconciler_checked_no_recovery,v7_entry_filters_2026-06-06,,0.0,1.0,,e4_rt_feed_quote_gate,,,,
Lef4710c,102298b7,solana,6uwiVdEpafM9oKDXnqEu1HRid8yNoXLBFmk6Vvdupump,MEMEBULL,social_alert,medium,2.229e-05,2026-07-06 23:16:30,3.2114484413521724e-05,2026-07-06 23:16:30,3,3.2114484413521724e-05,2026-07-06 23:17:16,abort_tripwire,0.0,0.0,3.2114484413521724e-05,-0.35,0,,0.6,0.8,0.74,49.24,866.0,866.0,572,408,877,575,0.584,0.604,33011.3,52506.53,52506.53,0.0,22292.37,22292.37,13.9,pumpfun,https://dexscreener.com/solana/fn3kv2dnftduzv2j4kck7l48a1fgdeev3vjmh26zzzx2,False,False,False,0.0,0.0,0.0,live|tx:3yM1CnVtr8Qg37y1HDiYmi9Y4n9XpDnAGugxn8L4xTZTnqGbJQeDTjx19GyAgUHedPAVvhYcsYUkbaUf5cm14HcV|fill:0.0000321145|abort_slip:30.6%vsjup_quote|sell_tx:5od9UsHcFxs4CZz8nWHptvURZ8mCERDAAaDjK5LMk3wohAJCn1Z7JvB2DL9Ms8iCJKpiB5m6rervspumnVrR7wXD,v7_entry_filters_2026-06-06,,0.0,1.0,,e4_rt_feed_quote_gate,,,,
Lf26a847,0045fb0b,solana,9hTFY1NQnaGDQRB5ynkqRSXKGLip2V8xANeij1WCpump,Origin,social_alert,medium,1.687e-05,2026-07-07 00:19:28,3.0877778806044526e-05,2026-07-07 00:19:28,3,1.6118435224035556e-05,2026-07-07 00:21:07,hard_stop,-1.434,-47.8,3.0877778806044526e-05,-0.35,0,,0.5,0.8,0.71,85.75,608.0,608.0,131,105,446,417,0.555,0.517,11433.29,42401.71,42401.71,0.0,16878.42,16878.42,11.4,pumpfun,https://dexscreener.com/solana/cdbvikqeym7h3n4dumkqapdxptpay3zzxg1cxd9x9smv,False,False,False,0.0,0.0,0.0,live|tx:bPXc6RX6DEMpSPcWH8xXe9s3hf2xSjNZoFQsz7A9M8wVDypqxESvj2xphbvCXKw6V856yC8HiQTBQhFSyGHwoKg|fill:0.0000308778|slip:+30.0%|cohort:bonding_curve|canary_cap:3|exit_state:MIGRATION_UNCERTAIN|sell_tx:4pQuV7wbwwotp3792dc1BRMAyi53e2PVTTFSbBrxBK6J6VLcKVjoKa2SAKKYgvxuBTVRE6EVq36g7qHTSwWcNoqX|sell_fill:0.0000161184,v7_entry_filters_2026-06-06,,0.0,1.0,,e4_rt_feed_quote_gate,,,,
Lb560151,f43f2c7f,solana,DJ4DS3MsRHu12Mnh2KURJW1jPSkhjANhe2eruAPppump,Origin,social_alert,strong,1.113e-05,2026-07-07 00:21:08,1.3405683275496512e-05,2026-07-07 00:21:08,3,0.0,2026-07-07 00:22:10,jupiter_rescue,-0.4171,-13.9,3.0814233122073525e-05,-0.35,0,,0.4,0.8,0.68,189.0,189.0,189.0,67,48,67,48,0.583,0.583,9339.46,9339.46,9339.46,0.0,11132.38,11132.38,4.6,pumpfun,https://dexscreener.com/solana/bhxr6nvnegxasnqths8nrhmbyt4b4j9aavofrvxptqkq,False,False,False,0.0,0.0,0.0,live|tx:58FMYxJp9EGHbgeDuuWF3dggLtMgEN4Wc8afkjnhpLLTZ89V7otevq54m2UpgXeX172RHZH9fmYkfWJq7RwY5yHq|fill:0.0000134057|slip:-48.0%|cohort:bonding_curve|canary_cap:3|rescue_suppressed_bc:1783383694||rescue_suppressed_bc:1783383695||rescue_suppressed_bc:1783383698||rescue_suppressed_bc:1783383702||rescue_suppressed_bc:1783383703||rescue_suppressed_bc:1783383705||rescue_suppressed_bc:1783383710||rescue_suppressed_bc:1783383711||rescue_suppressed_bc:1783383713||migration_wait|migration_uncertain_ts:1783383717|jupiter_rescue_pending:2NrcR2TEaT3GFjhbnVfsTTzxNAfaeWmQfq3fMH2D3qPzneTgE6Xya8FjXP52w6PK3o6fAQfmHbzxP9PZuYnExk8Z:1783383727|sell_tx:2NrcR2TEaT3GFjhbnVfsTTzxNAfaeWmQfq3fMH2D3qPzneTgE6Xya8FjXP52w6PK3o6fAQfmHbzxP9PZuYnExk8Z|route:JUPITER_RESCUE|sol_received:0.031459|journal_reconciled:2NrcR2TE,v7_entry_filters_2026-06-06,"tp_30,tp_60,tp_120",0.963,0.42,0.03145926,e4_rt_feed_quote_gate,,,,
La6ccba2,e3c2b75a,solana,7VifkUhWjgzEwwHk6QK5cMxDM3ZCqQp1NBfR2Gkgpump,cenut,social_alert,strong,1.508e-05,2026-07-07 00:27:26,3.867976089839453e-05,2026-07-07 00:27:26,3,3.867976089839453e-05,2026-07-07 00:28:05,abort_tripwire,0.0,0.0,3.867976089839453e-05,-0.35,0,,0.4,0.8,0.68,442.0,442.0,442.0,552,440,552,440,0.556,0.556,42228.37,42228.37,42228.37,0.0,15085.54,15085.54,2.5,pumpfun,https://dexscreener.com/solana/b7xlrytwtnvelbzvwq8kzch49ftv17l5jr9sqkjfhfae,False,False,False,0.0,0.0,0.0,live|tx:2iFEEUcNaCT6awUHPxzgaQPJHMgEqa6SqS7NgVXy8zCt3B8hk4N3qxarRXrF2YaabLK84oSQSsGScLQ1EFxQLieQ|fill:0.0000386798|abort_slip:53.6%vsjup_quote|sell_tx:63x4XopRuxujJWZr3p4jap7agDghEQSdubFwsmfaZ9TG7o96tB3mjzb3YYdWNohVSdpyL7uCMWSr3aZGnwjw3ojb,v7_entry_filters_2026-06-06,,0.0,1.0,,e4_rt_feed_quote_gate,,,,
Lc0275bb,a20f40fc,solana,BEwkwdQK8Pg6r1o3P4Hn28rcSZdQMrZRZwtdNg3hpump,Origin,social_alert,strong,1.595e-05,2026-07-07 00:39:40,2.8623880744848452e-05,2026-07-07 00:39:40,3,1.2956988816916015e-05,2026-07-07 00:41:07,hard_stop,-1.642,-54.73,2.8623880744848452e-05,-0.35,0,,0.5,0.8,0.71,101.0,101.0,101.0,87,56,87,56,0.608,0.608,15542.33,15542.33,15542.33,0.0,15959.86,15959.86,3.2,pumpfun,https://dexscreener.com/solana/asivkjyex8ktkc57a84b5ybkvc2rc7tyczuli9exrngf,False,False,False,0.0,0.0,0.0,live|tx:33g16VQ1FUi4BiwzSsp4JmoBQhecauPLZt8auW3sX4bHfrAEMpDwtZ4Y3bp74RTwZ9D4gp6SN1CAL8N5dz33sW7o|fill:0.0000286239|slip:+7.6%|cohort:bonding_curve|canary_cap:3|exit_state:MIGRATION_UNCERTAIN|sell_tx:xSZJyKRTPnL991mTfwa6W4ud82RoecoY1jNvnyV3CtkTsRK9a4ruv9QwCMGLrKAPmfZKjnphHB1aEK1yj8jgDSP|sell_fill:0.0000129570,v7_entry_filters_2026-06-06,,0.0,1.0,,e4_rt_feed_quote_gate,,,,
L1b95cb6,db86bf03,solana,AGo5S8cMwXjQ9iqXaBKJZRFCcJvoRgMdvecwNpYhpump,PVE,social_alert,medium,1.687e-05,2026-07-07 07:08:51,2.4108235620875462e-05,2026-07-07 07:08:51,3,9.772842022389255e-06,2026-07-07 07:13:07,hard_stop,-1.7839,-59.46,2.4108235620875462e-05,-0.35,0,,0.5,0.8,0.71,110.0,551.0,551.0,224,176,1015,708,0.56,0.589,14189.92,67541.36,67541.36,0.0,16875.11,16875.11,13.4,pumpfun,https://dexscreener.com/solana/4rvnaubsewtw3ndpjwvbkqdtzr2bk4wpzaz3mcuhjskz,False,False,False,0.0,0.0,0.0,live|tx:2GP16aErjaPToSgnkPTX7njJTztccwu3gY9J2GpVVBR1i5HeczVY3xvE8od5CGF3iuJXC9TKzCE27GkMthyNas1G|fill:0.0000241082|slip:+19.6%|cohort:bonding_curve|canary_cap:3|exit_state:MIGRATION_UNCERTAIN|sell_tx:1StKFEXDeqpbbBboc64kixTDZSTFXnpzgK2hdKeActdyE7jgr16hP1UzKzRgVR5MTq4ndBhRZJZyn3ta9EUMPGW|sell_fill:0.0000097728,v7_entry_filters_2026-06-06,,0.0,1.0,,e4_rt_feed_quote_gate,,,,
Lvlad001,vlad_backfill,solana,UNKNOWN_VLAD_MINT_positions_json_cleaned,VLAD,social_alert,strong,,2026-07-08 23:22:00,2.81396e-05,2026-07-08 23:22:00,2.8,3.17252e-05,2026-07-08 23:25:15,jupiter_rescue,0.53,12.74,3.17252e-05,-0.35,,,,,,,,,,,,,,,,,,,,,,,,,,,,,,live|tx:5GdddCDQ_partial|fill:0.0000281396|slip:+10.1%|cohort:bonding_curve|canary_cap:3|migration_wait|route:JUPITER_RESCUE|sell_tx:29VbDaUVc1y_partial|sell_fill:0.0000317252|sol_received:0.038343|journal_backfilled=True|mint_note:positions_json_was_empty_at_backfill_time,v7_entry_filters_2026-06-06,,0.0,1.0,0.038343,e4_rt_feed_quote_gate,,,,
L4d59e2e,affe387d,solana,A47WyS3kfneSNkYF2amn7wgs1tNCwP4Ypm93RePbpump,Dhurbe,social_alert,strong,2.15e-05,2026-07-09 10:27:14,2.5943417202018953e-05,2026-07-09 10:27:14,3,1.0557074353734616e-05,2026-07-09 10:32:17,hard_stop,-3.5584,-59.31,2.5943417202018953e-05,-0.35,0,,0.5,0.8,0.71,88.59,714.0,714.0,479,360,757,536,0.571,0.585,27053.48,45802.9,45802.9,0.0,21502.82,21502.82,7.0,pumpfun,https://dexscreener.com/solana/3hvbdk2xafy7yiqvtz7wmfpdz8waexu98egp3lhp2sve,False,False,False,0.0,0.0,0.0,live|tx:4F9PHNq9E8LAjcoZV2jbw1DwEj5jyj7GDb3K2Jr84bZYx2Q6KyhDodHNJUBNxDcP2e2wGNL73VozAvzur7WX3MgR|fill:0.0000259434|slip:+15.6%|cohort:bonding_curve|canary_cap:3|exit_state:MIGRATION_UNCERTAIN|sell_tx:5QSpm14ZxLjLcuznqdkGmaBFjAuGkscAEtQ6SnicKuE2eyF2TD1K1s1BuMGFSVEaUu1ZhYRAAix2wYVZfsPGP6HT|sell_fill:0.0000105571|sol_received:0.01709084,v7_entry_filters_2026-06-06,,-1.7792,1.0,0.01709084,e4_rt_feed_quote_gate,,,2.5943417202018953e-05,dex_stale
